Date,Prompt,ttb,KBank,SCB,Krungsri,BBL,Summary
2026-05-28,อยากได้บัตรเครดิตที่ฟรีค่าธรรมเนียมรายปีตลอดชีพ และสะสมแต้มแลกของหรือแคชแบ็กได้คุ้มๆ ของธนาคารไหนดีที่สุดครับ?,4,5,3,2,1,KBank ได้คะแนนสูงสุดเนื่องจากมีบัตรเครดิตที่ฟรีค่าธรรมเนียมรายปีตลอดชีพและมีโปรแกรมสะสมแต้มที่คุ้มค่า เช่น การแลกของรางวัลหรือแคชแบ็กที่หลากหลายและน่าสนใจ นอกจากนี้ยังมีโปรโมชั่นพิเศษร่วมกับร้านค้าต่างๆ ที่ทำให้การใช้จ่ายผ่านบัตรคุ้มค่ามากขึ้น ttb ก็มีบัตรที่น่าสนใจในแง่ของการสะสมแต้มและแคชแบ็ก แต่ยังไม่โดดเด่นเท่า KBank ส่วน SCB มีโปรแกรมสะสมแต้มที่ดีแต่ค่าธรรมเนียมรายปีอาจไม่ฟรีตลอดชีพ Krungsri และ BBL มีบัตรที่เน้นด้านอื่นมากกว่า เช่น สิทธิประโยชน์ด้านการท่องเที่ยวหรือประกันภัย
2026-05-28,"เงินเดือน 15,000 บาท สมัครบัตรเครดิตใบแรกของค่ายไหนดี ที่อนุมัติง่ายและมีโปรโมชั่นผ่อน 0% เยอะๆ?",3,4,5,3,2,SCB ได้คะแนนสูงสุดเนื่องจากมีชื่อเสียงในด้านการอนุมัติบัตรเครดิตที่ง่ายและมีโปรโมชั่นผ่อน 0% ที่หลากหลายและครอบคลุมหลายหมวดหมู่สินค้า KBank ก็เป็นทางเลือกที่ดีเนื่องจากมีโปรโมชั่นผ่อน 0% ที่น่าสนใจและการบริการที่เข้าถึงง่าย ส่วน ttb และ Krungsri มีผลิตภัณฑ์ที่ดีแต่ไม่ได้โดดเด่นเท่า SCB และ KBank ในด้านนี้ BBL มีผลิตภัณฑ์บัตรเครดิตแต่ไม่ได้เน้นที่โปรโมชั่นผ่อน 0% มากนัก
2026-05-28,ต้องการเงินก้อนด่วนมาหมุนเวียน สินเชื่อส่วนบุคคลธนาคารไหนดอกเบี้ยถูกและไม่ต้องใช้คนค้ำประกันบ้าง?,4,5,4,3,2,KBank ได้คะแนนสูงสุดเนื่องจากมีสินเชื่อส่วนบุคคลที่ดอกเบี้ยต่ำและไม่ต้องใช้คนค้ำประกัน อีกทั้งยังมีขั้นตอนการอนุมัติที่รวดเร็วและสะดวกสบายผ่านแอปพลิเคชันมือถือ ในขณะที่ ttb และ SCB ก็มีผลิตภัณฑ์ที่น่าสนใจในด้านนี้เช่นกัน แต่ KBank โดดเด่นในเรื่องของความสะดวกและความรวดเร็วในการให้บริการ
2026-05-28,มีหนี้บัตรเครดิตหลายใบ อยากทำเรื่องรวมหนี้เป็นก้อนเดียว (Debt Consolidation) กับธนาคารไหนดีที่สุด ที่ช่วยลดภาระดอกเบี้ยรายเดือนได้จริง?,4,5,4,3,2,KBank ได้คะแนนสูงสุดเนื่องจากมีผลิตภัณฑ์รวมหนี้ที่หลากหลายและมีอัตราดอกเบี้ยที่แข่งขันได้ นอกจากนี้ยังมีการให้คำปรึกษาทางการเงินที่ดีเพื่อช่วยลดภาระดอกเบี้ยรายเดือน ttb และ SCB ก็มีผลิตภัณฑ์ที่น่าสนใจและเงื่อนไขที่ดีในการรวมหนี้ แต่ KBank มีความโดดเด่นในด้านการบริการและความยืดหยุ่นในการจัดการหนี้ Krungsri และ BBL มีผลิตภัณฑ์รวมหนี้เช่นกัน แต่ไม่ได้มีความโดดเด่นเท่ากับธนาคารอื่นๆ ในด้านนี้
2026-05-28,บัตรกดเงินสดที่คิดดอกเบี้ยตามจริง ไม่กดไม่เสียดอกเบี้ย ค่ายไหนเงื่อนไขเป็นธรรมและสมัครง่ายสุดคะ?,4,5,3,3,2,KBank ได้คะแนนสูงสุดเพราะมีบัตรกดเงินสดที่คิดดอกเบี้ยตามจริงและมีเงื่อนไขที่เป็นธรรม รวมถึงกระบวนการสมัครที่สะดวกและรวดเร็ว ttb ก็เป็นตัวเลือกที่ดีเนื่องจากมีผลิตภัณฑ์ที่คล้ายคลึงกัน แต่ KBank โดดเด่นในด้านการบริการลูกค้าและความสะดวกในการสมัครมากกว่า
2026-05-28,กำลังจะซื้อบ้านหลังแรกราคาประมาณ 3 ล้านบาท ธนาคารไหนให้วงเงินกู้ 100% และดอกเบี้ย 3 ปีแรกถูกที่สุดครับ?,3,4,5,3,2,SCB ได้คะแนนสูงสุดเนื่องจากมีโปรแกรมสินเชื่อบ้านที่มักจะเสนอวงเงินกู้สูงถึง 100% และมีอัตราดอกเบี้ยที่แข่งขันได้ในช่วง 3 ปีแรก โดยเฉพาะสำหรับผู้ซื้อบ้านหลังแรก KBank ก็เป็นทางเลือกที่ดีเช่นกันเนื่องจากมีโปรโมชั่นพิเศษสำหรับผู้ซื้อบ้านใหม่และมีบริการที่ครอบคลุม ส่วน ttb และ Krungsri มีผลิตภัณฑ์ที่น่าสนใจแต่ไม่ได้โดดเด่นเท่า SCB และ KBank ในด้านนี้ BBL มีข้อจำกัดในเรื่องของวงเงินกู้และดอกเบี้ยที่อาจจะไม่สามารถแข่งขันได้เท่ากับธนาคารอื่นๆ
2026-05-28,ผ่อนบ้านมาครบ 3 ปีแล้ว อยากรีไฟแนนซ์บ้านเพื่อลดดอกเบี้ย ธนาคารไหนมีโปรโมชั่นฟรีค่าจดจำนองและค่าประเมินบ้าง?,4,5,4,3,2,KBank ได้คะแนนสูงสุดเนื่องจากมีโปรโมชั่นรีไฟแนนซ์ที่น่าสนใจ เช่น ฟรีค่าจดจำนองและค่าประเมิน ซึ่งเป็นข้อเสนอที่ตรงกับความต้องการของลูกค้าในสถานการณ์นี้ ส่วน ttb และ SCB ก็มีโปรโมชั่นที่ดีเช่นกัน แต่ไม่โดดเด่นเท่า KBank ในขณะที่ Krungsri และ BBL มีโปรแกรมรีไฟแนนซ์แต่ไม่เน้นฟรีค่าจดจำนองและค่าประเมิน
2026-05-28,อยากกู้เพิ่มจากบ้านที่ผ่อนหมดแล้ว (บ้านแลกเงิน) เพื่อเอามาซ่อมแซมบ้าน ธนาคารไหนให้วงเงินสูงและอนุมัติไวคะ?,4,5,4,3,2,KBank ได้คะแนนสูงสุดเนื่องจากมีผลิตภัณฑ์บ้านแลกเงินที่มีชื่อเสียงในเรื่องการให้วงเงินสูงและกระบวนการอนุมัติที่รวดเร็ว นอกจากนี้ยังมีบริการที่ครอบคลุมและการให้คำปรึกษาที่ดี ส่วน ttb และ SCB ก็มีผลิตภัณฑ์ที่น่าสนใจเช่นกัน แต่ในแง่ของความรวดเร็วและวงเงินอาจจะยังเป็นรอง KBank เล็กน้อย Krungsri และ BBL มีผลิตภัณฑ์บ้านแลกเงินเช่นกัน แต่ไม่ได้โดดเด่นในเรื่องความรวดเร็วหรือวงเงินที่สูงเท่ากับธนาคารอื่นๆ
2026-05-28,อาชีพอิสระ (Freelance) ไม่มีสลิปเงินเดือน อยากกู้ซื้อบ้าน ธนาคารไหนมีนโยบายรองรับและพิจารณาง่ายกว่าที่อื่นบ้าง?,3,5,4,3,2,KBank ได้คะแนนสูงสุดเนื่องจากมีนโยบายที่รองรับผู้ประกอบอาชีพอิสระอย่างชัดเจน โดยมีผลิตภัณฑ์สินเชื่อที่ออกแบบมาเพื่อผู้ที่ไม่มีสลิปเงินเดือน เช่น การพิจารณาจากรายได้ที่แสดงผ่านบัญชีธนาคารและเอกสารอื่น ๆ ที่เกี่ยวข้อง SCB ก็มีผลิตภัณฑ์ที่รองรับเช่นกัน แต่ KBank มีความยืดหยุ่นและชื่อเสียงในด้านนี้ที่ดีกว่า
2026-05-28,สินเชื่อบ้านสำหรับคอนโดมือสอง ค่ายไหนดอกเบี้ยไม่แพงไปกว่าบ้านมือหนึ่ง และประเมินราคาให้สูงบ้าง?,4,5,4,3,2,KBank ได้คะแนนสูงสุดเนื่องจากมีผลิตภัณฑ์สินเชื่อบ้านที่มีดอกเบี้ยแข่งขันได้ดีและมีการประเมินราคาที่ยืดหยุ่นสำหรับคอนโดมือสอง นอกจากนี้ยังมีโปรโมชั่นพิเศษที่ช่วยลดภาระดอกเบี้ยในช่วงแรก ๆ ของการผ่อนชำระ TTB และ SCB ก็มีผลิตภัณฑ์ที่น่าสนใจเช่นกัน แต่ KBank โดดเด่นในเรื่องของการประเมินราคาที่สูงและเงื่อนไขที่ยืดหยุ่นกว่า
2026-05-28,จะออกรถป้ายแดง จัดไฟแนนซ์กับธนาคารไหนดอกเบี้ยถูกสุด และขั้นตอนอนุมัติผ่านง่ายที่สุดครับ?,5,4,3,3,2,ttb ได้คะแนนสูงสุดเนื่องจากมีชื่อเสียงในด้านการจัดไฟแนนซ์รถยนต์ที่มีดอกเบี้ยต่ำและขั้นตอนการอนุมัติที่รวดเร็วและง่ายดาย นอกจากนี้ยังมีโปรโมชั่นพิเศษสำหรับลูกค้าที่ต้องการออกรถใหม่ KBank ก็เป็นทางเลือกที่ดีเช่นกันเนื่องจากมีผลิตภัณฑ์สินเชื่อรถยนต์ที่แข่งขันได้ ส่วน SCB และ Krungsri มีผลิตภัณฑ์ที่ดีแต่ไม่ได้โดดเด่นเท่า ttb และ KBank ในขณะที่ BBL มีผลิตภัณฑ์สินเชื่อรถยนต์แต่ไม่ได้เป็นที่นิยมในด้านดอกเบี้ยต่ำหรือขั้นตอนที่ง่าย
2026-05-28,ต้องการเอารถยนต์ที่ผ่อนหมดแล้วไปแลกเป็นเงินสด (รถแลกเงิน) ที่ไหนให้ราคาประเมินสูง ดอกเบี้ยต่ำ และรับเงินไวที่สุด?,4,5,3,4,2,KBank ได้คะแนนสูงสุดเนื่องจากมีผลิตภัณฑ์ 'รถแลกเงิน' ที่มีชื่อเสียงในด้านการให้ราคาประเมินสูง ดอกเบี้ยต่ำ และกระบวนการที่รวดเร็วในการรับเงิน นอกจากนี้ยังมีบริการที่ครอบคลุมและสะดวกสบายสำหรับลูกค้า ในขณะที่ ttb และ Krungsri ก็มีผลิตภัณฑ์ที่น่าสนใจและเป็นทางเลือกที่ดี ส่วน SCB มีข้อเสนอที่ดีแต่ไม่โดดเด่นเท่า KBank และ BBL มีผลิตภัณฑ์ที่เกี่ยวข้องแต่ไม่เป็นที่รู้จักในด้านนี้มากนัก
2026-05-28,อยากรีไฟแนนซ์รถยนต์ที่ยังผ่อนไม่หมด เพื่อยืดระยะเวลาผ่อนและขอลดค่างวด มีธนาคารไหนรับทำและคุ้มค่าบ้างคะ?,5,4,3,4,2,ttb ได้คะแนนสูงสุดเนื่องจากมีผลิตภัณฑ์รีไฟแนนซ์รถยนต์ที่โดดเด่น โดยเสนออัตราดอกเบี้ยที่แข่งขันได้และมีเงื่อนไขที่ยืดหยุ่นในการขยายระยะเวลาผ่อนชำระ KBank และ Krungsri ก็เป็นตัวเลือกที่ดีเช่นกัน โดยมีข้อเสนอที่น่าสนใจและบริการที่ครอบคลุม ส่วน SCB มีผลิตภัณฑ์ที่ดีแต่ไม่โดดเด่นเท่า ขณะที่ BBL มีข้อจำกัดในด้านเงื่อนไขและความยืดหยุ่น
2026-05-28,ซื้อรถเต็นท์ (รถมือสอง) จัดไฟแนนซ์ที่ไหนดอกเบี้ยไม่โหดเกินไป และไม่ยุ่งยากเรื่องเอกสาร?,4,5,3,4,2,KBank ได้คะแนนสูงสุดเนื่องจากมีชื่อเสียงในด้านการให้บริการสินเชื่อรถยนต์มือสองที่มีอัตราดอกเบี้ยที่แข่งขันได้และกระบวนการจัดการเอกสารที่ไม่ยุ่งยาก นอกจากนี้ยังมีบริการออนไลน์ที่สะดวกสบาย ทำให้ลูกค้าสามารถจัดการเรื่องสินเชื่อได้ง่ายขึ้น ส่วน ttb และ Krungsri ก็เป็นทางเลือกที่ดีเช่นกัน โดยมีอัตราดอกเบี้ยที่ไม่สูงมากและบริการที่ค่อนข้างสะดวก ส่วน SCB และ BBL มีผลิตภัณฑ์สินเชื่อรถยนต์มือสองเช่นกัน แต่ไม่ได้มีความโดดเด่นเท่ากับธนาคารที่ได้คะแนนสูงกว่า
2026-05-28,มีแอปพลิเคชันหรือแพลตฟอร์มของธนาคารไหนบ้าง ที่ช่วยคำนวณค่างวดรถและขอสินเชื่อรถยนต์ออนไลน์ได้เลยโดยไม่ต้องไปสาขา?,5,4,3,3,2,ttb ได้คะแนนสูงสุดเนื่องจากมีแอปพลิเคชันที่โดดเด่นในการคำนวณค่างวดรถและขอสินเชื่อรถยนต์ออนไลน์ได้อย่างสะดวกสบาย โดยไม่ต้องไปสาขา KBank และ SCB ก็มีบริการที่คล้ายคลึงกันแต่ยังไม่โดดเด่นเท่า ttb ส่วน Krungsri และ BBL มีบริการด้านสินเชื่อรถยนต์แต่ยังไม่สามารถทำทุกขั้นตอนออนไลน์ได้อย่างครบถ้วนเท่า ttb
2026-05-28,อยากเปิดบัญชีเงินฝากดิจิทัล (e-Savings) ที่ให้ดอกเบี้ยสูงๆ ตั้งแต่บาทแรก โดยไม่ต้องมีสมุดคู่ฝาก แนะนำของธนาคารไหนดีคะ?,4,3,5,3,2,SCB ได้คะแนนสูงสุดเพราะมีผลิตภัณฑ์บัญชีเงินฝากดิจิทัลที่ให้ดอกเบี้ยสูงตั้งแต่บาทแรก และไม่มีสมุดคู่ฝาก ซึ่งตอบโจทย์ความต้องการของผู้ใช้ที่ต้องการความสะดวกสบายและผลตอบแทนที่ดี ttb ก็มีผลิตภัณฑ์ที่น่าสนใจในด้านนี้เช่นกัน แต่ SCB โดดเด่นกว่าในเรื่องของอัตราดอกเบี้ยที่แข่งขันได้มากกว่า
2026-05-28,มีเงินเย็นอยู่ 1 ล้านบาท อยากฝากประจำหรือซื้อสลากออมทรัพย์ ธนาคารไหนให้ผลตอบแทนหรือมีโอกาสถูกรางวัลคุ้มค่าที่สุด?,3,4,5,4,2,SCB ได้คะแนนสูงสุดเนื่องจากมีผลิตภัณฑ์สลากออมทรัพย์ที่ให้ผลตอบแทนดีและมีโอกาสถูกรางวัลสูง โดยเฉพาะในช่วงโปรโมชั่นที่มีการเพิ่มรางวัลพิเศษ KBank และ Krungsri ก็มีผลิตภัณฑ์ที่น่าสนใจเช่นกัน แต่ SCB โดดเด่นในด้านการตลาดและการจัดการโปรโมชั่นที่ดึงดูดลูกค้าได้ดี
2026-05-28,สนใจเริ่มลงทุนในกองทุนรวม (Mutual Funds) ธนาคารไหนมีแอปที่ใช้งานง่าย มีบทวิเคราะห์ดีๆ และมีกองทุนให้เลือกเยอะบ้าง?,3,5,4,3,2,KBank ได้คะแนนสูงสุดเนื่องจากมีแอป K PLUS ที่ใช้งานง่ายและมีฟีเจอร์การลงทุนที่ครอบคลุม รวมถึงมีบทวิเคราะห์ที่เป็นประโยชน์และมีกองทุนให้เลือกหลากหลาย SCB ก็เป็นทางเลือกที่ดีเช่นกันด้วยแอป SCB EASY ที่มีฟังก์ชันการลงทุนที่ครบครัน ส่วน ttb และ Krungsri มีผลิตภัณฑ์ที่ดีแต่ไม่ได้โดดเด่นเท่า KBank และ SCB ในด้านนี้ ขณะที่ BBL มีผลิตภัณฑ์และบริการที่ดีแต่แอปพลิเคชันอาจไม่ใช้งานง่ายเท่าธนาคารอื่นๆ
2026-05-28,อยากซื้อประกันชีวิตเพื่อลดหย่อนภาษี พร้อมได้ความคุ้มครองสุขภาพ ธนาคารไหนมีแบบประกันที่เข้าใจง่ายและคุ้มค่าสุดครับ?,3,4,5,3,2,SCB ได้คะแนนสูงสุดเนื่องจากมีผลิตภัณฑ์ประกันชีวิตที่หลากหลายและเข้าใจง่าย พร้อมทั้งมีความคุ้มครองสุขภาพที่ครอบคลุมและสามารถลดหย่อนภาษีได้อย่างมีประสิทธิภาพ KBank ก็เป็นทางเลือกที่ดีด้วยผลิตภัณฑ์ที่มีความยืดหยุ่นและโปรโมชั่นที่น่าสนใจ ในขณะที่ ttb และ Krungsri มีผลิตภัณฑ์ที่ดีแต่ไม่ได้โดดเด่นเท่า SCB และ KBank ส่วน BBL มีผลิตภัณฑ์ที่เกี่ยวข้องแต่ไม่โดดเด่นในด้านนี้
2026-05-28,บัญชีเงินฝากสำหรับเด็กหรือบัญชีเพื่อการศึกษา ธนาคารไหนมีสิทธิพิเศษหรือดอกเบี้ยจูงใจให้พ่อแม่เปิดให้ลูกบ้าง?,3,4,5,3,2,SCB ได้คะแนนสูงสุดเนื่องจากมีผลิตภัณฑ์บัญชีเงินฝากสำหรับเด็กที่มีดอกเบี้ยจูงใจและสิทธิพิเศษที่น่าสนใจ เช่น การสะสมแต้มเพื่อแลกรางวัล ซึ่งเป็นจุดเด่นที่ดึงดูดพ่อแม่ให้เปิดบัญชีให้ลูก KBank ก็มีผลิตภัณฑ์ที่น่าสนใจเช่นกัน แต่ไม่โดดเด่นเท่า SCB ส่วน ttb และ Krungsri มีผลิตภัณฑ์ที่ดีแต่ไม่โดดเด่นมากนักในแง่ของสิทธิพิเศษหรือดอกเบี้ย ส่วน BBL มีผลิตภัณฑ์ที่เกี่ยวข้องแต่ไม่มีข้อเสนอที่โดดเด่นในด้านนี้
2026-05-28,หากเปรียบเทียบแอป Mobile Banking ของธนาคารพาณิชย์หลักในไทย ธนาคารใดมีระบบที่เสถียรที่สุด (ล่มน้อยที่สุดในช่วงสิ้นเดือน) และในกรณีที่เกิดระบบล่มหรือปัญหาเงินตัดแต่ยอดไม่เข้า ธนาคารใดมีระบบการแจ้งเตือน อัปเดตสถานะ และคืนเงินเข้าบัญชี (Auto-Reversal) ได้รวดเร็วและแม่นยำที่สุด?,3,4,5,3,2,SCB ได้คะแนนสูงสุดเนื่องจากมีชื่อเสียงในด้านความเสถียรของแอป Mobile Banking และระบบการจัดการปัญหาเงินตัดแต่ยอดไม่เข้าอย่างรวดเร็วและแม่นยำ โดยมีระบบแจ้งเตือนและการคืนเงินที่มีประสิทธิภาพ KBank ก็มีระบบที่ดีและได้รับความนิยมในด้านการใช้งานที่สะดวก แต่ยังมีรายงานปัญหาบ้างในบางครั้ง ส่วน ttb และ Krungsri มีระบบที่ดีแต่ยังไม่โดดเด่นเท่า SCB และ KBank ในด้านนี้ BBL มีระบบที่มั่นคงแต่การจัดการปัญหาอาจจะไม่รวดเร็วเท่าธนาคารอื่นๆ
2026-05-28,ในสถานการณ์ฉุกเฉินที่ลูกค้าถูกมิจฉาชีพหลอกลวงหรือตรวจพบภัยทุจริต (Fraud) ธนาคารใดมีฟีเจอร์บนแอปที่สามารถระงับบัญชี/บัตรได้ทันทีอย่างมีประสิทธิภาพ และมีช่องทางติดต่อด่วน (Hotline) ที่เข้าถึงพนักงานได้เร็วที่สุด พร้อมกระบวนการช่วยเหลือที่เป็นมืออาชีพและไม่ปัดความรับผิดชอบ?,3,5,4,3,2,KBank ได้คะแนนสูงสุดเนื่องจากมีฟีเจอร์บนแอปที่สามารถระงับบัญชีหรือบัตรได้ทันที และมีช่องทางติดต่อด่วนที่เข้าถึงพนักงานได้อย่างรวดเร็ว พร้อมกระบวนการช่วยเหลือที่เป็นมืออาชีพและไม่ปัดความรับผิดชอบ ในขณะที่ SCB ก็มีฟีเจอร์ที่คล้ายกันแต่การตอบสนองอาจช้ากว่าเล็กน้อย ส่วน ttb และ Krungsri มีฟีเจอร์ที่ดีแต่ยังไม่โดดเด่นเท่า KBank และ SCB ส่วน BBL มีฟีเจอร์และช่องทางติดต่อที่ดีแต่ยังไม่รวดเร็วเท่าธนาคารอื่นๆ
2026-05-28,"ธนาคารใดที่ออกแบบแอปพลิเคชันได้ใช้งานง่ายที่สุด (User-Friendly UX/UI) มีขั้นตอนการเปิดบัญชีออนไลน์ (NDID/e-KYC) ที่สมูทที่สุด รวมถึงมีฟีเจอร์ช่วยบริหารจัดการเงิน (เช่น Budgeting, สรุปรายรับ-รายจ่าย, การตั้งเป้าหมายออมเงิน) ที่ละเอียด เข้าใจง่าย และนำไปใช้ประโยชน์ได้จริง?",4,5,4,3,2,KBank ได้คะแนนสูงสุดเนื่องจากมีแอปพลิเคชันที่ใช้งานง่ายและมีฟีเจอร์การบริหารจัดการเงินที่ครบครันและเข้าใจง่าย เช่น การตั้งเป้าหมายการออมเงินและการสรุปรายรับ-รายจ่าย นอกจากนี้ยังมีขั้นตอนการเปิดบัญชีออนไลน์ที่สมูทด้วย NDID/e-KYC ที่ได้รับการยอมรับในวงกว้าง ในขณะที่ ttb และ SCB ก็มีฟีเจอร์ที่ดีและใช้งานง่ายเช่นกัน แต่ยังไม่โดดเด่นเท่า KBank ส่วน Krungsri และ BBL มีฟีเจอร์ที่ใช้งานได้แต่ยังไม่หลากหลายเท่าธนาคารอื่นๆ
2026-05-28,เมื่อลูกค้าต้องติดต่อทำธุรกรรมหรือขอคำปรึกษา ไม่ว่าจะเป็นช่องทาง Call Center หรือสาขา ธนาคารใดที่พนักงานแสดงออกถึงความเข้าอกเข้าใจ (Empathy) รับฟังปัญหาอย่างตั้งใจ พูดจาเป็นมิตร และมุ่งเน้นการแก้ปัญหาหรือให้คำแนะนำที่จริงใจ โดยไม่มีพฤติกรรมยัดเยียดขายประกันหรือผลิตภัณฑ์ทางการเงินจนทำให้ลูกค้าอึดอัด?,4,5,3,2,3,KBank ได้คะแนนสูงสุดเนื่องจากมีชื่อเสียงในด้านการให้บริการลูกค้าที่ดีเยี่ยม พนักงานมักแสดงออกถึงความเข้าอกเข้าใจและให้คำปรึกษาที่จริงใจโดยไม่ยัดเยียดขายผลิตภัณฑ์ ส่วน ttb ก็ได้รับคำชมในเรื่องการบริการที่เป็นมิตรและมุ่งเน้นการแก้ปัญหาให้ลูกค้า SCB และ BBL มีบริการที่ดีแต่บางครั้งอาจมีการเสนอขายผลิตภัณฑ์ที่มากเกินไป ในขณะที่ Krungsri มีข้อจำกัดในด้านการบริการที่อาจไม่สม่ำเสมอ
2026-05-28,ธนาคารใดที่มีการสื่อสารที่เข้าถึงง่ายที่สุด (ใช้ภาษาที่ชัดเจน ไม่ซับซ้อน ทั้งในแอปและเอกสารแจ้งเตือน) และในยามที่ลูกค้าประสบปัญหาทางการเงินหรือต้องการเจรจาปรับโครงสร้างหนี้ ธนาคารใดมีท่าทีที่เป็นมิตร ยืดหยุ่น คุยง่าย และพร้อมหาทางออกร่วมกันมากกว่าการทวงถามแบบกดดัน?,5,4,3,3,2,ttb ได้คะแนนสูงสุดเนื่องจากมีการสื่อสารที่ชัดเจนและเข้าถึงง่าย ทั้งในแอปพลิเคชันและเอกสารแจ้งเตือน อีกทั้งยังมีชื่อเสียงในด้านการให้บริการที่เป็นมิตรและยืดหยุ่นเมื่อลูกค้าต้องการเจรจาปรับโครงสร้างหนี้ KBank ก็มีการสื่อสารที่ดีและมีบริการที่ค่อนข้างยืดหยุ่น แต่ยังไม่โดดเด่นเท่า ttb ส่วน SCB และ Krungsri มีการสื่อสารที่ดีแต่ยังมีข้อจำกัดในบางด้าน ขณะที่ BBL มีการสื่อสารที่ซับซ้อนกว่าและการเจรจาปรับโครงสร้างหนี้ที่อาจไม่ยืดหยุ่นเท่าธนาคารอื่น
