Date_Extracted,Published_Date,Heading,URL,Body_Snippet,Source_Site
2026-05-14,20 เม.ย. 2026,TRAIN FOR HYROX WITH JETTS,https://www.jetts.co.th/train-for-hyrox-with-jetts/,การแข่งขัน HYROX กำลังจะกลับมาในปี 2026 เตรียมตัวให้พร้อมตั้งแต่วันนี้ และให้ Jetts Fitness เป็นพาร์ทเนอร์สู่ความสำเร็จของคุณ ... Jetts Fitness Flagship HYROX Training Clubs.,www.jetts.co.th
2026-05-14,22 เม.ย. 2026,BMI-EN - Jetts Thailand - Jetts 24 Hours Fitness,https://www.jetts.co.th/bmi-en/,... Jetts Fitness (Thailand) รวมถึงวัตถุประสงค์ในการวิเคราะห์ลูกค้า ในกรอบระยะเวลาตามนโยบายบริษัทฯ ทั้งนี้เราอาจนำเสนอข้อมูลเกี่ยวกับผลิตภัณฑ์และบริการอื่นๆให้ ...,www.jetts.co.th
2026-05-14,3 เม.ย. 2026,Flagship HYROX - Jetts Thailand - Jetts 24 Hours Fitness,https://www.jetts.co.th/flagship-hyrox/,การแข่งขัน HYROX กำลังจะกลับมาในปี 2026 เตรียมตัวให้พร้อมตั้งแต่วันนี้ และให้ Jetts Fitness เป็นพาร์ทเนอร์สู่ความสำเร็จของคุณ. เริ่มเทรนนิ่งกับเรา. เกี่ยวกับเรา. ค้นหาคลับ · ทำไมต้องเลือกเรา ...,www.jetts.co.th
2026-05-14,Unknown,Milestones and Future of Jetts Fitness,https://www.tiktok.com/@jettsfitness_careers/video/7627090390063140117,"127 ถูกใจ,วิดีโอ TikTok จาก JettsJob (@jettsfitness_careers): ""Discover insights from Jetts Fitness leadership on their milestones and future plans.",www.tiktok.com
2026-05-14,26 ม.ค. 2026,สมาชิกใหม่ พร้อมมั้ย? พบกับ Jetts Fitness 10 Weeks New ...,https://www.jetts.co.th/jetts-fitness-10-weeks-new-member-journey/,ทำภารกิจครบ รับเลย! ☂️ ร่มคอลเลคชันพิเศษจาก Jetts Fitness หรือ ⭐ Jetts Reward Point 400 คะแนน. สมัครสมาชิกแล้ว อย่าลืมมาร่วมทำภารกิจไปด้วย ...,www.jetts.co.th
2026-05-14,Unknown,Your new 24-hour obsession. Jetts Fitness at Robinson ...,https://www.instagram.com/reel/DVYo1vNiQ8h/,"kewalinsxwan on March 2, 2026: ""Your new 24-hour obsession. ✨ Jetts Fitness at Robinson Chalong is officially open! @jettsfitnessthailand #jettsfitness ...",www.instagram.com
2026-05-14,22 มี.ค. 2026,Milli Move Like a Heavyweight 2026,https://www.jetts.co.th/milli-move-like-a-heavyweight-2026/,5. การเปลี่ยนแปลงที่อยู่จัดส่ง หากต้องการเปลี่ยนแปลงที่อยู่จัดส่ง กรุณาแจ้งความประสงค์ผ่านทาง Facebook Fanpage: Jetts Fitness Thailand 6. ขอสงวนสิทธิ์ในการ ...,www.jetts.co.th
2026-05-14,1 มี.ค. 2026,Jetts Fitness 24hrs. Now open in “Robinson Lifestyle Chalong” ...,https://www.instagram.com/p/DVXb-WyAR-8/,ที่ Jetts Fitness 24hrs @ Robinson Lifestyle Chalong ฟิตเนสเปิด 24 ชม. จะเช้า สาย บ่าย ดึก ก็แวะมาได้หมด อุปกรณ์ครบ บรรยากาศดี เล่นเพลิน มือใหม่ก็ไม่เขิน ใครกำลังหาแรงบันดาลใจในการ ...,www.instagram.com
2026-05-14,20 ม.ค. 2026,Yoga Mats & Shirts Campaign,https://www.jetts.co.th/yoga-mats-shirts-campaign/,JETTS YOGA MAT; ผืนละ 990 บาท. เสื่อโยคะ Jetts Fitness. คอลเลคชันสุดพิเศษ Jetts x LES MILLS YOGA.,www.jetts.co.th
2026-05-14,Unknown,มาจริงไม่จกตา! Jetts Fitness ปักหมุดความฟิตแห่งใหม่ที่ Central ...,https://www.facebook.com/KhonKaenLetsGo/posts/%E0%B8%A1%E0%B8%B2%E0%B8%88%E0%B8%A3%E0%B8%B4%E0%B8%87%E0%B9%84%E0%B8%A1%E0%B9%88%E0%B8%88%E0%B8%81%E0%B8%95%E0%B8%B2-jetts-fitness-%E0%B8%9B%E0%B8%B1%E0%B8%81%E0%B8%AB%E0%B8%A1%E0%B8%B8%E0%B8%94%E0%B8%84%E0%B8%A7%E0%B8%B2%E0%B8%A1%E0%B8%9F%E0%B8%B4%E0%B8%95%E0%B9%81%E0%B8%AB%E0%B9%88%E0%B8%87%E0%B9%83%E0%B8%AB%E0%B8%A1%E0%B9%88%E0%B8%97%E0%B8%B5%E0%B9%88-central-khon-kaen-campus-%E0%B8%AA/1526603019090536/,สายออกกำลังกายเตรียมตัวให้พร้อม เพราะขอนแก่นกำลังจะมี Jetts Fitness ฟิตเนสเปิด 24 ชั่วโมง แห่งแรกของจังหวัด เปิดให้ฟิตได้ทุกเวลา ไม่ว่าจะเช้า สาย เย็น หรือดึกก็แวะมาเบิร์นกันได้แบบไม่มีข้อจำกัด .,www.facebook.com
2026-05-14,Unknown,"it's about your time, your way. That ...",https://www.instagram.com/p/DWdVcF7le3z/,"At Jetts, fitness isn't about following someone else's schedule or doing things a certain way - it's about your time, your way. That could be a peaceful solo ...",www.instagram.com
2026-05-14,Unknown,"Feels like home, that's what matters to us! A place where ...",https://www.instagram.com/p/DXGURi1ldrd/,. more. 6 days ago. OCR. MI E M MEMBER BER FEEDBACK Jetts Fitness Freedom Jetts Fitness is easily 5-star gym and hands down one of the most ...,www.instagram.com
2026-05-14,Unknown,🌸 Spring into Fitness at Jetts - FREE Membership until May ...,https://www.instagram.com/p/DWWB0DDAt2T/,SAVE SAVEUP UP tO $160 Jetts Fitness FitnessFreedom Freedom *T&Csapply apply T&Csa ... Jetts Fitness FitnessFreedom Freedom Jetts Yokine refurb is amazing ...,www.instagram.com
2026-05-14,Unknown,"28 Days in the month, 20+ visits in the books",https://www.instagram.com/p/DVcjw6wEs8F/,MOST ACTIVE MEMBERS 1 - Shane B 45 Visits Jetts Fitness Freedom ... April 20+ Visit Club Well Done to all of the Legends who made this list! more. 4 days ago.,www.instagram.com
2026-05-14,Unknown,"Jetts Fitness India on Instagram: ""A strong start in India. Jetts ...",https://www.instagram.com/reel/DUU9Yksj-Lp/,"jettsfitnessindia on February 3, 2026: ""A strong start in India. Jetts Fitness officially marked its India debut with a pre-opening buzz event for Delhi's ...",www.instagram.com
2026-05-14,Unknown,"2026 is about freedom, flexibility & feeling strong",https://www.instagram.com/p/DTwTfQhEwra/,"Photo by Jetts Fitness Freedom on January 20, 2026. May be an image of.",www.instagram.com
2026-05-14,Unknown,"Jetts Blends Fitness and Pop Culture, Fusing Music ...",https://www.facebook.com/TheNationThailand/posts/jetts-blends-fitness-and-pop-culture-fusing-music-and-movement-at-jetts-x-milli-/1366112078875456/,"Jetts Fitness, a leading 24-hour fitness brand, elevated the workout experience into a high-energy lifestyle event with “JETTS x MILLI: Move Like a HEAVYWEIGHT” ...",www.facebook.com
2026-05-14,Unknown,That's why our slogan is Fitness Freedom. Train where it ...,https://www.facebook.com/jetts.kenmore/videos/thats-why-our-slogan-is-fitness-freedom-train-where-it-suits-you-when-it-suits-y/1958517064782570/,"That's why our slogan is Fitness Freedom. Train where it suits you, when it suits you. No strings attached.",www.facebook.com
2026-05-14,Unknown,ชาวอุดรพร้อมที่จะฟิตกับ Jetts หรือยัง 🔥 พบกันที่ Jetts Fitness ...,https://www.facebook.com/JettsThailand/posts/%E0%B8%8A%E0%B8%B2%E0%B8%A7%E0%B8%AD%E0%B8%B8%E0%B8%94%E0%B8%A3%E0%B8%9E%E0%B8%A3%E0%B9%89%E0%B8%AD%E0%B8%A1%E0%B8%97%E0%B8%B5%E0%B9%88%E0%B8%88%E0%B8%B0%E0%B8%9F%E0%B8%B4%E0%B8%95%E0%B8%81%E0%B8%B1%E0%B8%9A-jetts-%E0%B8%AB%E0%B8%A3%E0%B8%B7%E0%B8%AD%E0%B8%A2%E0%B8%B1%E0%B8%87-%E0%B8%9E%E0%B8%9A%E0%B8%81%E0%B8%B1%E0%B8%99%E0%B8%97%E0%B8%B5%E0%B9%88-jetts-fitness-plus-udon-%E0%B8%9E%E0%B8%A3%E0%B9%89%E0%B8%AD%E0%B8%A1%E0%B9%82%E0%B8%9B%E0%B8%A3%E0%B9%82/1465072978402110/,"เข้าได้ทุกสาขาทั่วไทย เปิดตลอด 24 ชั่วโมง เข้าได้ทุกคลาส ออกกำลังกายได้ทุกโซน ฟรีค่าแรกเข้า และค่าบัตรสมาชิก (มูลค่า 3,000 บาท) ฟิตได้ในแบบของคุณ ที่ Jetts Fitness 24 ชั่วโมง ** ...",www.facebook.com
2026-05-14,Unknown,Rise with the year and begin anew at Jetts Fitness. It is time ...,https://www.instagram.com/jetts_fitness/p/DUHxiDhj5kS/?hl=am-et,"Rise with the year and begin anew at Jetts Fitness. It is time to turn your resolutions into reality with our ""New Year New Gains"" mission.",www.instagram.com
2026-05-14,Unknown,JETTS FITNESS CELEBRATES 60 CLUBS! 🎉✨ ร่วมฉลองก้าว ...,https://www.facebook.com/JettsThailand/videos/jetts-fitness-celebrates-60-clubs-%E0%B8%A3%E0%B9%88%E0%B8%A7%E0%B8%A1%E0%B8%89%E0%B8%A5%E0%B8%AD%E0%B8%87%E0%B8%81%E0%B9%89%E0%B8%B2%E0%B8%A7%E0%B8%AA%E0%B8%B3%E0%B8%84%E0%B8%B1%E0%B8%8D%E0%B8%81%E0%B8%B1%E0%B8%9A%E0%B9%80%E0%B8%88%E0%B9%87%E0%B8%97%E0%B8%AA%E0%B9%8C-%E0%B8%9F%E0%B8%B4%E0%B8%95%E0%B9%80%E0%B8%99%E0%B8%AA-%E0%B9%83%E0%B8%99%E0%B9%82%E0%B8%AD%E0%B8%81%E0%B8%B2%E0%B8%AA%E0%B9%80%E0%B8%9B%E0%B8%B4%E0%B8%94%E0%B8%84/1526971375696881/,Jetts Fitness Hatyai Village ขอมอบของขวัญสุดพิเศษให้สายฟิตได้มาฉลองด้วยกัน สมัครสมาชิกวันนี้ รับสิทธิ์เล่นฟิตเนสฟรี 60 วัน!* ความฟิตระดับโลก พร้อมให้บริการคุณมากกว่าเดิม ครอบคลุมกว่าเดิม และ ...,www.facebook.com
2026-05-14,Unknown,"สนใจ+หาโปร Jetts Fitness สาขา เวสวิล , park silom แนะนำ ...",https://www.facebook.com/groups/460157301442247/posts/2124829071641720/,"สนใจ+หาโปร Jetts Fitness สาขา เวสวิล , park silom แนะนำหน่อยค่า.",www.facebook.com
2026-05-14,28 ก.พ. 2026,️ indexbangyai@jetts.co.th สแกน QR Code เพื่อทำความรู้จักสาขา ...,https://www.facebook.com/JettsThailand/posts/%E0%B9%81%E0%B8%99%E0%B8%B0%E0%B8%99%E0%B8%B3-highlighted-club-%E0%B8%88%E0%B8%B2%E0%B8%81-jetts-fitness-jetts-fitness-index-living-mall-bangyai/1434829594759782/,สแกน QR Code เพื่อซื้อเสื้อผ่านเว็บไซต์ Jetts Fitness หรือคลิกลิงก์ได้เลย https://tinyurl.com/JxMTshirt ใครยังไม่มีบัตร ตอนนี้ยังสามารถซื้อบัตรได้อยู่น้า ซื้อได้ผ่านเว็บไซต์ หรือรับ ราคา ...,www.facebook.com
2026-05-14,Unknown,ฉลองเปิดสาขาใหม่! 📍 Jetts Fitness The Walk Kaset-nawamin ...,https://www.facebook.com/JettsThailand/posts/-%E0%B8%89%E0%B8%A5%E0%B8%AD%E0%B8%87%E0%B9%80%E0%B8%9B%E0%B8%B4%E0%B8%94%E0%B8%AA%E0%B8%B2%E0%B8%82%E0%B8%B2%E0%B9%83%E0%B8%AB%E0%B8%A1%E0%B9%88-jetts-fitness-the-walk-kaset-nawamin-%E0%B8%AA%E0%B8%A1%E0%B8%B1%E0%B8%84%E0%B8%A3%E0%B8%AA%E0%B8%A1%E0%B8%B2%E0%B8%8A%E0%B8%B4%E0%B8%81%E0%B9%83%E0%B8%AB%E0%B8%A1%E0%B9%88-%E0%B8%A3%E0%B8%B0%E0%B8%AB%E0%B8%A7%E0%B9%88%E0%B8%B2%E0%B8%87%E0%B8%A7%E0%B8%B1/1411579467084795/,Jetts Fitness สาขา PLUS UDON เปิดรับสมัคร GX Freelance Instructors มาร่วมเป็นส่วนหนึ่งของทีม No.1 Gym ในประเทศไทย! เรารับสมัครครูผู้สอนในหลากหลายโปรแกรม: ✓ LES MILLS ( ...,www.facebook.com
2026-05-14,Unknown,คลับใหม่ ที่ไหนดี? 🤔🔥 Jetts Fitness บุกกรุงเทพอีกครั้ง! 💥🏋️‍ ...,https://www.facebook.com/JettsThailand/posts/%E0%B8%84%E0%B8%A5%E0%B8%B1%E0%B8%9A%E0%B9%83%E0%B8%AB%E0%B8%A1%E0%B9%88-%E0%B8%97%E0%B8%B5%E0%B9%88%E0%B9%84%E0%B8%AB%E0%B8%99%E0%B8%94%E0%B8%B5-jetts-fitness-%E0%B8%9A%E0%B8%B8%E0%B8%81%E0%B8%81%E0%B8%A3%E0%B8%B8%E0%B8%87%E0%B9%80%E0%B8%97%E0%B8%9E%E0%B8%AD%E0%B8%B5%E0%B8%81%E0%B8%84%E0%B8%A3%E0%B8%B1%E0%B9%89%E0%B8%87-%EF%B8%8F%EF%B8%8F%E0%B8%84%E0%B8%A5%E0%B8%B1%E0%B8%9A%E0%B9%83%E0%B8%AB%E0%B8%A1%E0%B9%88%E0%B8%84%E0%B8%A3%E0%B8%B1%E0%B9%89%E0%B8%87%E0%B8%99%E0%B8%B5%E0%B9%89-%E0%B8%A5%E0%B8%AD%E0%B8%87%E0%B8%84%E0%B8%AD%E0%B8%A1%E0%B9%80%E0%B8%A1%E0%B8%99%E0%B8%95/1470849364491138/,"Jetts Fitness ชวนชาวฉลองมาแดนซ์ให้สุดพลัง กับ Aerobic Fever 3 วันเต็มของความสนุก ทั้ง Zumba, Variety Dance และ BODYCOMBAT ✨ ลานแมวน้ำ ชั้น 1 ...",www.facebook.com
2026-05-14,Unknown,Jetts Fitness Thailand ร่วมเป็นส่วนหนึ่งของกระแสฟิตระดับโลก ...,https://www.facebook.com/JettsThailand/posts/jetts-fitness-thailand-%E0%B8%A3%E0%B9%88%E0%B8%A7%E0%B8%A1%E0%B9%80%E0%B8%9B%E0%B9%87%E0%B8%99%E0%B8%AA%E0%B9%88%E0%B8%A7%E0%B8%99%E0%B8%AB%E0%B8%99%E0%B8%B6%E0%B9%88%E0%B8%87%E0%B8%82%E0%B8%AD%E0%B8%87%E0%B8%81%E0%B8%A3%E0%B8%B0%E0%B9%81%E0%B8%AA%E0%B8%9F%E0%B8%B4%E0%B8%95%E0%B8%A3%E0%B8%B0%E0%B8%94%E0%B8%B1%E0%B8%9A%E0%B9%82%E0%B8%A5%E0%B8%81%E0%B8%81%E0%B8%B1%E0%B8%9A%E0%B8%81%E0%B8%B2%E0%B8%A3%E0%B9%80%E0%B8%9B%E0%B8%B4%E0%B8%94%E0%B8%95%E0%B8%B1%E0%B8%A7%E0%B8%AD%E0%B8%B5%E0%B9%80%E0%B8%A7%E0%B8%99%E0%B8%95%E0%B9%8C%E0%B8%AA/1476678737241534/,Jetts Fitness ร่วมกับ Gateway at Bangsue ชวนทุกคนมาขยับร่างกายให้สุด จัดเต็มสองคลาส ✨เริ่มด้วยแดนซ์ให้สะบัดใน Aerobic แล้วจบกับความบู๊ใน BODYCOMBAT ลานหน้าศูนย์การค้า Gateway at ...,www.facebook.com
2026-05-14,Unknown,🚀 สมาชิกใหม่ พร้อมมั้ย? พบกับ Jetts Fitness 10 Weeks New ...,https://www.facebook.com/JettsThailand/posts/-%E0%B8%AA%E0%B8%A1%E0%B8%B2%E0%B8%8A%E0%B8%B4%E0%B8%81%E0%B9%83%E0%B8%AB%E0%B8%A1%E0%B9%88-%E0%B8%9E%E0%B8%A3%E0%B9%89%E0%B8%AD%E0%B8%A1%E0%B8%A1%E0%B8%B1%E0%B9%89%E0%B8%A2%E0%B8%9E%E0%B8%9A%E0%B8%81%E0%B8%B1%E0%B8%9A-jetts-fitness-10-weeks-new-member-journey-10-%E0%B8%AA%E0%B8%B1%E0%B8%9B%E0%B8%94%E0%B8%B2%E0%B8%AB%E0%B9%8C-/1398276905081718/,พบกับ Jetts Fitness 10 Weeks New Member Journey ⏱ 10 สัปดาห์ | 10 ภารกิจ ทำสำเร็จ รับรางวัลไปได้เลย!* กติกาง่าย ๆ ดาวน์โหลดแอป ลงทะเบียน ทำภารกิจ รับรางวัล ...,www.facebook.com
2026-05-14,Unknown,จะเจนไหนก็เทรนได้ที่ Jetts Fitness ตลอด 24 ชั่วโมง ส่วนแอดขอ ...,https://www.facebook.com/JettsThailand/posts/%E0%B8%88%E0%B8%B0%E0%B9%80%E0%B8%88%E0%B8%99%E0%B9%84%E0%B8%AB%E0%B8%99%E0%B8%81%E0%B9%87%E0%B9%80%E0%B8%97%E0%B8%A3%E0%B8%99%E0%B9%84%E0%B8%94%E0%B9%89%E0%B8%97%E0%B8%B5%E0%B9%88-jetts-fitness-%E0%B8%95%E0%B8%A5%E0%B8%AD%E0%B8%94-24-%E0%B8%8A%E0%B8%B1%E0%B9%88%E0%B8%A7%E0%B9%82%E0%B8%A1%E0%B8%87%E0%B8%AA%E0%B9%88%E0%B8%A7%E0%B8%99%E0%B9%81%E0%B8%AD%E0%B8%94%E0%B8%82%E0%B8%AD%E0%B8%95%E0%B8%B1%E0%B8%A7%E0%B9%84%E0%B8%9B%E0%B9%80%E0%B8%82%E0%B9%89%E0%B8%B2%E0%B8%84%E0%B8%A5%E0%B8%B2%E0%B8%AA%E0%B8%81%E0%B9%88%E0%B8%AD%E0%B8%99%E0%B8%99%E0%B9%89%E0%B8%B2%E0%B8%AB/1494795665429841/,เตรียมพบกับความมันส์แบบจัดเต็มใน Grand Opening Jetts Fitness Central Khon Kaen Campus วันพุธที่ 20 พฤษภาคมนี้! พบกับตารางคลาสสุดเดือดตั้งแต่วันยันค่ำ ...,www.facebook.com
2026-05-14,Unknown,JettsThailand,https://www.facebook.com/JettsThailand/posts/%E0%B9%81%E0%B8%99%E0%B8%B0%E0%B8%99%E0%B8%B3-highlighted-club-%E0%B8%88%E0%B8%B2%E0%B8%81-jetts-fitness-jetts-fitness-central-surat-thanithe-fi/1432340425008699/,แนะนำ Highlighted Club จาก Jetts Fitness ✨ Jetts Fitness Central Surat Thani The Fitness Hub of Surat Thani ศูนย์กลางความฟิตของชาวสุราษฎร์ธานี ครบ จบในที่เดียว 🏋️‍♂️✨ ...,www.facebook.com
2026-05-14,Unknown,🦖 เฉลย! คลับใหม่บุกแดนไดโนเสาร์ ขยายความฟิตสู่ภาคอีสาน 🔥 ...,https://www.facebook.com/JettsThailand/posts/-%E0%B9%80%E0%B8%89%E0%B8%A5%E0%B8%A2-%E0%B8%84%E0%B8%A5%E0%B8%B1%E0%B8%9A%E0%B9%83%E0%B8%AB%E0%B8%A1%E0%B9%88%E0%B8%9A%E0%B8%B8%E0%B8%81%E0%B9%81%E0%B8%94%E0%B8%99%E0%B9%84%E0%B8%94%E0%B9%82%E0%B8%99%E0%B9%80%E0%B8%AA%E0%B8%B2%E0%B8%A3%E0%B9%8C%E0%B8%82%E0%B8%A2%E0%B8%B2%E0%B8%A2%E0%B8%84%E0%B8%A7%E0%B8%B2%E0%B8%A1%E0%B8%9F%E0%B8%B4%E0%B8%95%E0%B8%AA%E0%B8%B9%E0%B9%88%E0%B8%A0%E0%B8%B2%E0%B8%84%E0%B8%AD%E0%B8%B5%E0%B8%AA%E0%B8%B2%E0%B8%99-%EF%B8%8F-jetts-fitness-central-khon/1442259234016818/,Jetts Fitness สาขา PLUS UDON เปิดรับสมัคร GX Freelance Instructors มาร่วมเป็นส่วนหนึ่งของทีม No.1 Gym ในประเทศไทย! เรารับสมัครครูผู้สอนในหลากหลายโปรแกรม: ✓ LES MILLS ( ...,www.facebook.com
2026-05-14,Unknown,💪🔥 Jetts Fitness เตรียมขยายความฟิตสาขาใหม่ปี 2026 🚚 เจ็ทส์ ...,https://www.facebook.com/JettsThailand/posts/-jetts-fitness-%E0%B9%80%E0%B8%95%E0%B8%A3%E0%B8%B5%E0%B8%A2%E0%B8%A1%E0%B8%82%E0%B8%A2%E0%B8%B2%E0%B8%A2%E0%B8%84%E0%B8%A7%E0%B8%B2%E0%B8%A1%E0%B8%9F%E0%B8%B4%E0%B8%95%E0%B8%AA%E0%B8%B2%E0%B8%82%E0%B8%B2%E0%B9%83%E0%B8%AB%E0%B8%A1%E0%B9%88%E0%B8%9B%E0%B8%B5-2026-%E0%B9%80%E0%B8%88%E0%B9%87%E0%B8%97%E0%B8%AA%E0%B9%8C%E0%B8%88%E0%B8%B0%E0%B9%84%E0%B8%9B%E0%B8%9A%E0%B8%B8%E0%B8%81%E0%B8%97%E0%B8%B5%E0%B9%88%E0%B9%84%E0%B8%AB%E0%B8%99-%E0%B8%A5%E0%B8%AD%E0%B8%87%E0%B8%97%E0%B8%B2%E0%B8%A2%E0%B8%81%E0%B8%B1%E0%B8%99%E0%B8%94%E0%B8%B9-/1391657862410289/,Jetts Fitness สาขา PLUS UDON เปิดรับสมัคร GX Freelance Instructors มาร่วมเป็นส่วนหนึ่งของทีม No.1 Gym ในประเทศไทย! เรารับสมัครครูผู้สอนในหลากหลายโปรแกรม: ✓ LES MILLS ( ...,www.facebook.com
2026-05-14,Unknown,มาแล้ว! 🔥 บัตร Early Bird กิจกรรม JETTS x MILLI: Move Like a ...,https://www.facebook.com/JettsThailand/posts/%E0%B8%A1%E0%B8%B2%E0%B9%81%E0%B8%A5%E0%B9%89%E0%B8%A7-%E0%B8%9A%E0%B8%B1%E0%B8%95%E0%B8%A3-early-bird-%E0%B8%81%E0%B8%B4%E0%B8%88%E0%B8%81%E0%B8%A3%E0%B8%A3%E0%B8%A1-jetts-x-milli-move-like-a-heavyweight%E0%B8%A3%E0%B8%B2%E0%B8%84%E0%B8%B2%E0%B9%80%E0%B8%9E%E0%B8%B5%E0%B8%A2%E0%B8%87-99/1430086815234060/,Jetts Fitness สาขา PLUS UDON เปิดรับสมัคร GX Freelance Instructors มาร่วมเป็นส่วนหนึ่งของทีม No.1 Gym ในประเทศไทย! เรารับสมัครครูผู้สอนในหลากหลายโปรแกรม: ✓ LES MILLS ( ...,www.facebook.com
2026-05-14,Unknown,ออกกำลังกายเสร็จ ไม่ต้องวิ่งหาร้าน 💥 แค่เดินไปหา ตู้เต่าบิน ที่ ...,https://www.facebook.com/JettsThailand/posts/%E0%B8%AD%E0%B8%AD%E0%B8%81%E0%B8%81%E0%B8%B3%E0%B8%A5%E0%B8%B1%E0%B8%87%E0%B8%81%E0%B8%B2%E0%B8%A2%E0%B9%80%E0%B8%AA%E0%B8%A3%E0%B9%87%E0%B8%88-%E0%B9%84%E0%B8%A1%E0%B9%88%E0%B8%95%E0%B9%89%E0%B8%AD%E0%B8%87%E0%B8%A7%E0%B8%B4%E0%B9%88%E0%B8%87%E0%B8%AB%E0%B8%B2%E0%B8%A3%E0%B9%89%E0%B8%B2%E0%B8%99-%E0%B9%81%E0%B8%84%E0%B9%88%E0%B9%80%E0%B8%94%E0%B8%B4%E0%B8%99%E0%B9%84%E0%B8%9B%E0%B8%AB%E0%B8%B2-%E0%B8%95%E0%B8%B9%E0%B9%89%E0%B9%80%E0%B8%95%E0%B9%88%E0%B8%B2%E0%B8%9A%E0%B8%B4%E0%B8%99-%E0%B8%97%E0%B8%B5%E0%B9%88-jetts-fitness%E0%B8%A2%E0%B8%81%E0%B8%A3%E0%B8%B0%E0%B8%94/1396785478564194/,ออกกำลังกายเสร็จ ไม่ต้องวิ่งหาร้าน แค่เดินไปหา ตู้เต่าบิน ที่ Jetts Fitness ยกระดับประสบการณ์ฟิตเนส ด้วยเครื่องดื่มโปรตีนพร้อมดื่มจากเต่าบิน ครบ จบ ฟิต ในที่เดียว เหงื่อออก กดเต่า พร้อมลุยต่อ ...,www.facebook.com
2026-05-14,Unknown,ภาพบรรยากาศจากงาน Bikini Run Chanthaburi 2026 Jetts ...,https://www.facebook.com/JettsThailand/posts/%E0%B8%A0%E0%B8%B2%E0%B8%9E%E0%B8%9A%E0%B8%A3%E0%B8%A3%E0%B8%A2%E0%B8%B2%E0%B8%81%E0%B8%B2%E0%B8%A8%E0%B8%88%E0%B8%B2%E0%B8%81%E0%B8%87%E0%B8%B2%E0%B8%99-bikini-run-chanthaburi-2026jetts-fitness-%E0%B9%84%E0%B8%94%E0%B9%89%E0%B8%A3%E0%B9%88%E0%B8%A7%E0%B8%A1%E0%B9%80%E0%B8%9B%E0%B9%87%E0%B8%99%E0%B8%AA%E0%B9%88%E0%B8%A7%E0%B8%99%E0%B8%AB%E0%B8%99%E0%B8%B6%E0%B9%88%E0%B8%87%E0%B9%83/1469682131274528/,งานนี้สถานทูตออสเตรเลียประจำประเทศไทย และ Jetts Fitness ร่วมกันเปลี่ยนบรรยากาศยามเช้าของสวนป่าเบญจกิติ ให้เต็มไปด้วยความฟิตจากคลาสออกกำลังกายระดับโลกอย่า ง BODYCOMBAT และ ...,www.facebook.com
2026-05-14,Unknown,ชาวหาดใหญ่ เตรียมปลุกพลังความฟิต 24 ชั่วโมง ⏳🔥 ...,https://www.facebook.com/JettsThailand/posts/%E0%B8%8A%E0%B8%B2%E0%B8%A7%E0%B8%AB%E0%B8%B2%E0%B8%94%E0%B9%83%E0%B8%AB%E0%B8%8D%E0%B9%88-%E0%B9%80%E0%B8%95%E0%B8%A3%E0%B8%B5%E0%B8%A2%E0%B8%A1%E0%B8%9B%E0%B8%A5%E0%B8%B8%E0%B8%81%E0%B8%9E%E0%B8%A5%E0%B8%B1%E0%B8%87%E0%B8%84%E0%B8%A7%E0%B8%B2%E0%B8%A1%E0%B8%9F%E0%B8%B4%E0%B8%95-24-%E0%B8%8A%E0%B8%B1%E0%B9%88%E0%B8%A7%E0%B9%82%E0%B8%A1%E0%B8%87-%E0%B9%80%E0%B8%95%E0%B8%A3%E0%B8%B5%E0%B8%A2%E0%B8%A1%E0%B8%9E%E0%B8%9A%E0%B8%81%E0%B8%B1%E0%B8%9A-jetts-fitness-hatyai-vil/1394588495450559/,ชาวหาดใหญ่ เตรียมปลุกพลังความฟิต 24 ชั่วโมง ⏳ เตรียมพบกับ Jetts Fitness Hatyai Village สาขาแรกของหาดใหญ่ ราคาพิเศษสุดคุ้ม ความฟิตแบบ 24 ชั่วโมง เริ่มต้นเพียง 999 บาท/เดือน — ...,www.facebook.com
2026-05-14,Unknown,28 กุมภาพันธ์ 69 📍 สมัครได้ที่ Jetts ทุกสาขาทั่วไทย *สำหรับการ ...,https://www.facebook.com/JettsThailand/posts/your-stronger-self-starts-here-%E0%B9%80%E0%B8%94%E0%B8%B7%E0%B8%AD%E0%B8%99%E0%B9%81%E0%B8%AB%E0%B9%88%E0%B8%87%E0%B8%84%E0%B8%A7%E0%B8%B2%E0%B8%A1%E0%B8%A3%E0%B8%B1%E0%B8%81-%E0%B8%A1%E0%B8%B2%E0%B9%80%E0%B8%A3%E0%B8%B4%E0%B9%88%E0%B8%A1%E0%B8%95%E0%B9%89%E0%B8%99%E0%B8%A3%E0%B8%B1%E0%B8%81%E0%B8%95%E0%B8%B1%E0%B8%A7%E0%B9%80%E0%B8%AD%E0%B8%87%E0%B9%84%E0%B8%94%E0%B9%89%E0%B8%97%E0%B8%B8%E0%B8%81%E0%B8%A7%E0%B8%B1%E0%B8%99-%EF%B8%8F%E0%B9%80%E0%B8%9B/1412497810326294/,เตรียมพบกับความมันส์แบบจัดเต็มใน Grand Opening Jetts Fitness Central Khon Kaen Campus วันพุธที่ 20 พฤษภาคมนี้! พบกับตารางคลาสสุดเดือดตั้งแต่วันยันค่ำ ...,www.facebook.com
2026-05-14,Unknown,🔥 Jetts Fitness กำลังมาเปิดสาขาใหม่ ที่ Central Khonkaen ...,https://www.facebook.com/JettsThailand/posts/-jetts-fitness-%E0%B8%81%E0%B8%B3%E0%B8%A5%E0%B8%B1%E0%B8%87%E0%B8%A1%E0%B8%B2%E0%B9%80%E0%B8%9B%E0%B8%B4%E0%B8%94%E0%B8%AA%E0%B8%B2%E0%B8%82%E0%B8%B2%E0%B9%83%E0%B8%AB%E0%B8%A1%E0%B9%88-%E0%B8%97%E0%B8%B5%E0%B9%88-central-khonkaen-campus%E0%B8%88%E0%B8%B1%E0%B8%87%E0%B8%AB%E0%B8%A7%E0%B8%B1%E0%B8%94%E0%B8%97%E0%B8%B5%E0%B9%88-2-%E0%B8%82%E0%B8%AD%E0%B8%87%E0%B8%A0%E0%B8%B2/1443156283927113/,Jetts Fitness กำลังมาเปิดสาขาใหม่ ที่ Central Khonkaen Campus! จังหวัดที่ 2 ของภาคอีสาน พร้อมเปิดรับสมัคร Personal Trainer จำนวนมาก มาร่วมเป็นส่วนหนึ่ง ...,www.facebook.com
2026-05-14,4 มี.ค. 2026,Jetts Fitness เตรียมบุกคลับใหม่ทั่วไทย 🔥🇹🇭 🤔 คราวนี้จะเป็นจังหวัด ...,https://www.instagram.com/p/DVe_-FqArhF/,Jetts Fitness เตรียมบุกคลับใหม่ทั่วไทย คราวนี้จะเป็นจังหวัดไหน ลองทายกันเข้ามาได้เลย #jettsfitness #jettsthailand #no1gyminthailand. more.,www.instagram.com
2026-05-14,Unknown,สุขสันต์วันสงกรานต์จาก Jetts Fitness สงกรานต์ปีนี้ Jetts Fitness ขอ ...,https://www.facebook.com/JettsThailand/videos/%E0%B8%AA%E0%B8%B8%E0%B8%82%E0%B8%AA%E0%B8%B1%E0%B8%99%E0%B8%95%E0%B9%8C%E0%B8%A7%E0%B8%B1%E0%B8%99%E0%B8%AA%E0%B8%87%E0%B8%81%E0%B8%A3%E0%B8%B2%E0%B8%99%E0%B8%95%E0%B9%8C%E0%B8%88%E0%B8%B2%E0%B8%81-jetts-fitness-%E0%B8%AA%E0%B8%87%E0%B8%81%E0%B8%A3%E0%B8%B2%E0%B8%99%E0%B8%95%E0%B9%8C%E0%B8%9B%E0%B8%B5%E0%B8%99%E0%B8%B5%E0%B9%89-jetts-fitness-%E0%B8%82%E0%B8%AD%E0%B9%80%E0%B8%9B%E0%B9%87%E0%B8%99%E0%B8%AA%E0%B9%88%E0%B8%A7%E0%B8%99%E0%B8%AB%E0%B8%99%E0%B8%B6%E0%B9%88%E0%B8%87/1267179881632283/,สุขสันต์วันสงกรานต์จาก Jetts Fitness สงกรานต์ปีนี้ Jetts Fitness ขอเป็นส่วนหนึ่งในการส่งต่อความสุข ความสนุก และสุขภาพที่ดีให้กับชาวเจ็ทส์ทุกคน!...,www.facebook.com
2026-05-14,16 ม.ค. 2026,Jetts 24 Hour Fitness ลงนามบันทึกข้อตกลงความร่วมมือทาง ...,https://www.jetts.co.th/jetts-24-hour-fitness-%E0%B8%A5%E0%B8%87%E0%B8%99%E0%B8%B2%E0%B8%A1%E0%B8%9A%E0%B8%B1%E0%B8%99%E0%B8%97%E0%B8%B6%E0%B8%81%E0%B8%82%E0%B9%89%E0%B8%AD%E0%B8%95%E0%B8%81%E0%B8%A5%E0%B8%87%E0%B8%84/,พบกับ Jetts Fitness 10 Weeks New Member Journey. 2026-01-20. Jetts 24 Hour Fitness ลงนามบันทึกข้อตกลงความร่วมมือทางวิชาการ (MOU) ร่วมกับคณะวิทยาศาสตร์ ...,www.jetts.co.th
2026-05-14,Unknown,ชาวอุดรธานีเตรียมตัว! Jetts Fitness บุกถึงที่แล้วกับสาขา ...,https://www.facebook.com/JettsThailand/posts/-%E0%B8%8A%E0%B8%B2%E0%B8%A7%E0%B8%AD%E0%B8%B8%E0%B8%94%E0%B8%A3%E0%B8%98%E0%B8%B2%E0%B8%99%E0%B8%B5%E0%B9%80%E0%B8%95%E0%B8%A3%E0%B8%B5%E0%B8%A2%E0%B8%A1%E0%B8%95%E0%B8%B1%E0%B8%A7-jetts-fitness-%E0%B8%9A%E0%B8%B8%E0%B8%81%E0%B8%96%E0%B8%B6%E0%B8%87%E0%B8%97%E0%B8%B5%E0%B9%88%E0%B9%81%E0%B8%A5%E0%B9%89%E0%B8%A7%E0%B8%81%E0%B8%B1%E0%B8%9A%E0%B8%AA%E0%B8%B2%E0%B8%82%E0%B8%B2%E0%B9%83%E0%B8%AB%E0%B8%A1%E0%B9%88-plus-udon-%E0%B8%AA%E0%B8%B4%E0%B9%89%E0%B8%99%E0%B8%AA%E0%B8%B8%E0%B8%94%E0%B8%81%E0%B8%B2/1464088108500597/,ชาวอุดรธานีเตรียมตัว! Jetts Fitness บุกถึงที่แล้วกับสาขาใหม่ PLUS UDON สิ้นสุดการรอคอย! เตรียมพบกับความฟิตตลอด 24 ชั่วโมงที่ Jetts Fitness Plus Udon...,www.facebook.com
2026-05-14,Unknown,สงกรานต์นี้ไม่ต้องเปียกอย่างเดียว มาฟิตให้สุดไปเลย 💦🔥 ...,https://www.facebook.com/JettsThailand/posts/%E0%B8%AA%E0%B8%87%E0%B8%81%E0%B8%A3%E0%B8%B2%E0%B8%99%E0%B8%95%E0%B9%8C%E0%B8%99%E0%B8%B5%E0%B9%89%E0%B9%84%E0%B8%A1%E0%B9%88%E0%B8%95%E0%B9%89%E0%B8%AD%E0%B8%87%E0%B9%80%E0%B8%9B%E0%B8%B5%E0%B8%A2%E0%B8%81%E0%B8%AD%E0%B8%A2%E0%B9%88%E0%B8%B2%E0%B8%87%E0%B9%80%E0%B8%94%E0%B8%B5%E0%B8%A2%E0%B8%A7-%E0%B8%A1%E0%B8%B2%E0%B8%9F%E0%B8%B4%E0%B8%95%E0%B9%83%E0%B8%AB%E0%B9%89%E0%B8%AA%E0%B8%B8%E0%B8%94%E0%B9%84%E0%B8%9B%E0%B9%80%E0%B8%A5%E0%B8%A2-%E0%B8%AA%E0%B8%87%E0%B8%81%E0%B8%A3%E0%B8%B2%E0%B8%99%E0%B8%95%E0%B9%8C%E0%B8%99%E0%B8%B5%E0%B9%89%E0%B9%84%E0%B8%A1%E0%B9%88%E0%B8%A1%E0%B8%B5%E0%B9%81%E0%B8%9E%E0%B8%A5%E0%B8%99%E0%B9%84%E0%B8%9B%E0%B9%84%E0%B8%AB%E0%B8%99%E0%B8%A1%E0%B8%B2%E0%B8%AB%E0%B8%A5/1466578531584888/,สงกรานต์นี้ไม่ต้องเปียกอย่างเดียว มาฟิตให้สุดไปเลย สงกรานต์นี้ไม่มีแพลนไปไหนมาหลบร้อนเติมความฟิตได้ที่ Jetts Fitness เปิดบ้านชวนเพื่อนมาออกกำลังกาย...,www.facebook.com
2026-05-14,Unknown,ชาวหาดใหญ่ เตรียมปลุกพลังความฟิต 24 ชั่วโมง ⏳🔥 Jetts ...,https://www.facebook.com/JettsThailand/posts/%E0%B8%8A%E0%B8%B2%E0%B8%A7%E0%B8%AB%E0%B8%B2%E0%B8%94%E0%B9%83%E0%B8%AB%E0%B8%8D%E0%B9%88-%E0%B9%80%E0%B8%95%E0%B8%A3%E0%B8%B5%E0%B8%A2%E0%B8%A1%E0%B8%9B%E0%B8%A5%E0%B8%B8%E0%B8%81%E0%B8%9E%E0%B8%A5%E0%B8%B1%E0%B8%87%E0%B8%84%E0%B8%A7%E0%B8%B2%E0%B8%A1%E0%B8%9F%E0%B8%B4%E0%B8%95-24-%E0%B8%8A%E0%B8%B1%E0%B9%88%E0%B8%A7%E0%B9%82%E0%B8%A1%E0%B8%87-jetts-fitness-hatyai-village-%E0%B9%80%E0%B8%95%E0%B8%A3%E0%B8%B5%E0%B8%A2%E0%B8%A1%E0%B8%9E/1393977888844953/,ชาวหาดใหญ่ เตรียมปลุกพลังความฟิต 24 ชั่วโมง ⏳ Jetts Fitness Hatyai Village เตรียมพบ สาขาแรกของหาดใหญ่ เตรียมพบ ราคาพิเศษสุดคุ้ม เตรียมพบ...,www.facebook.com
2026-05-14,Unknown,พร้อมตอบทุกเหตุผลของความแข็งแรง 💪✨ ไม่ว่าจะเริ่มตอนไหน เจ็ ...,https://www.facebook.com/JettsThailand/posts/%E0%B8%9E%E0%B8%A3%E0%B9%89%E0%B8%AD%E0%B8%A1%E0%B8%95%E0%B8%AD%E0%B8%9A%E0%B8%97%E0%B8%B8%E0%B8%81%E0%B9%80%E0%B8%AB%E0%B8%95%E0%B8%B8%E0%B8%9C%E0%B8%A5%E0%B8%82%E0%B8%AD%E0%B8%87%E0%B8%84%E0%B8%A7%E0%B8%B2%E0%B8%A1%E0%B9%81%E0%B8%82%E0%B9%87%E0%B8%87%E0%B9%81%E0%B8%A3%E0%B8%87-%E0%B9%84%E0%B8%A1%E0%B9%88%E0%B8%A7%E0%B9%88%E0%B8%B2%E0%B8%88%E0%B8%B0%E0%B9%80%E0%B8%A3%E0%B8%B4%E0%B9%88%E0%B8%A1%E0%B8%95%E0%B8%AD%E0%B8%99%E0%B9%84%E0%B8%AB%E0%B8%99-%E0%B9%80%E0%B8%88%E0%B9%87%E0%B8%97%E0%B8%AA%E0%B9%8C%E0%B8%9E%E0%B8%A3%E0%B9%89%E0%B8%AD%E0%B8%A1%E0%B9%80%E0%B8%AA%E0%B8%A1%E0%B8%AD-%E0%B8%95%E0%B8%A5%E0%B8%AD%E0%B8%94-24-%E0%B8%8A%E0%B8%B1%E0%B9%88%E0%B8%A7/1415085786734163/,พร้อมตอบทุกเหตุผลของความแข็งแรง ✨ ไม่ว่าจะเริ่มตอนไหน เจ็ทส์พร้อมเสมอ ตลอด 24 ชั่วโมง ⏰ พบกับ Jetts Fitness คลับใหม่ได้ที่ Jetts Fitness The Walk...,www.facebook.com
2026-05-14,Unknown,สุขสันต์วันสงกรานต์จาก Jetts Fitness สงกรานต์ปีนี้ Jetts Fitness ขอ ...,https://www.facebook.com/JettsThailand/videos/%E0%B8%AA%E0%B8%B8%E0%B8%82%E0%B8%AA%E0%B8%B1%E0%B8%99%E0%B8%95%E0%B9%8C%E0%B8%A7%E0%B8%B1%E0%B8%99%E0%B8%AA%E0%B8%87%E0%B8%81%E0%B8%A3%E0%B8%B2%E0%B8%99%E0%B8%95%E0%B9%8C%E0%B8%88%E0%B8%B2%E0%B8%81-jetts-fitness-%E0%B8%AA%E0%B8%87%E0%B8%81%E0%B8%A3%E0%B8%B2%E0%B8%99%E0%B8%95%E0%B9%8C%E0%B8%9B%E0%B8%B5%E0%B8%99%E0%B8%B5%E0%B9%89-jetts-fitness-%E0%B8%82%E0%B8%AD%E0%B9%80%E0%B8%9B%E0%B9%87%E0%B8%99%E0%B8%AA%E0%B9%88%E0%B8%A7%E0%B8%99%E0%B8%AB%E0%B8%99%E0%B8%B6%E0%B9%88%E0%B8%87/1267179881632283/,สุขสันต์วันสงกรานต์จาก Jetts Fitness สงกรานต์ปีนี้ Jetts Fitness ขอเป็นส่วนหนึ่งในการส่งต่อความสุข ความสนุก และสุขภาพที่ดีให้กับชาวเจ็ทส์ทุกคน!...,www.facebook.com
2026-05-14,Unknown,จุดเช็กอินความฟิตใหม่ของชลบุรี 📍 Jetts Fitness Index Living ...,https://www.facebook.com/JettsThailand/posts/%E0%B8%88%E0%B8%B8%E0%B8%94%E0%B9%80%E0%B8%8A%E0%B9%87%E0%B8%81%E0%B8%AD%E0%B8%B4%E0%B8%99%E0%B8%84%E0%B8%A7%E0%B8%B2%E0%B8%A1%E0%B8%9F%E0%B8%B4%E0%B8%95%E0%B9%83%E0%B8%AB%E0%B8%A1%E0%B9%88%E0%B8%82%E0%B8%AD%E0%B8%87%E0%B8%8A%E0%B8%A5%E0%B8%9A%E0%B8%B8%E0%B8%A3%E0%B8%B5-jetts-fitness-index-living-mall-chonburi-%EF%B8%8F%EF%B8%8F%E0%B9%84%E0%B8%A1%E0%B9%88%E0%B8%A7%E0%B9%88%E0%B8%B2/1401131454796263/,... Jetts Fitness ได้ตลอด 24 ชั่วโมง ⏰ ครบทุกโซนออกกำลังกายและคาร์ดิโอ ‍♀️ ‍♂️ รวมถึงคลาสออกกำลังกายลิขสิทธิ์ระดับโลก ‍♂️ และโซนฝึกซ้อม HYROX ...,www.facebook.com
2026-05-14,Unknown,31 มีนาคม 2569 📍 สมัครได้ที่ Jetts ทุกสาขาทั่วไทย *สำหรับการ ...,https://www.facebook.com/JettsThailand/posts/%E0%B9%80%E0%B8%A3%E0%B8%B4%E0%B9%88%E0%B8%A1-summer-%E0%B8%99%E0%B8%B5%E0%B9%89-%EF%B8%8F-%E0%B8%94%E0%B9%89%E0%B8%A7%E0%B8%A2%E0%B8%AA%E0%B8%B8%E0%B8%82%E0%B8%A0%E0%B8%B2%E0%B8%9E%E0%B8%94%E0%B8%B5%E0%B9%81%E0%B8%9A%E0%B8%9A-no-limit%E0%B9%80%E0%B8%9E%E0%B8%B4%E0%B9%88%E0%B8%A1%E0%B8%84%E0%B8%A7%E0%B8%B2%E0%B8%A1%E0%B9%81%E0%B8%82%E0%B9%87%E0%B8%87%E0%B9%81%E0%B8%A3%E0%B8%87%E0%B9%83%E0%B8%AB%E0%B9%89%E0%B8%95%E0%B8%B1%E0%B8%A7%E0%B9%80%E0%B8%AD%E0%B8%87%E0%B9%84%E0%B8%94%E0%B9%89%E0%B8%97%E0%B8%B8%E0%B8%81%E0%B8%A7%E0%B8%B1%E0%B8%99-%E0%B9%84%E0%B8%A1/1437224781186930/,เริ่ม Summer นี้ ☀️ ด้วยสุขภาพดีแบบ No Limit เพิ่มความแข็งแรงให้ตัวเองได้ทุกวัน ไม่มีวันหยุด ฟิตได้ตลอด 24 ชั่วโมง ⏰ ที่ Jetts Fitness ทุกสาขา ...,www.facebook.com
2026-05-14,Unknown,ขอนแก่น…ถึงเวลายกระดับความฟิตแล้ว! 🔥 Jetts Fitness Central ...,https://www.facebook.com/JettsThailand/posts/%E0%B8%82%E0%B8%AD%E0%B8%99%E0%B9%81%E0%B8%81%E0%B9%88%E0%B8%99%E0%B8%96%E0%B8%B6%E0%B8%87%E0%B9%80%E0%B8%A7%E0%B8%A5%E0%B8%B2%E0%B8%A2%E0%B8%81%E0%B8%A3%E0%B8%B0%E0%B8%94%E0%B8%B1%E0%B8%9A%E0%B8%84%E0%B8%A7%E0%B8%B2%E0%B8%A1%E0%B8%9F%E0%B8%B4%E0%B8%95%E0%B9%81%E0%B8%A5%E0%B9%89%E0%B8%A7-jetts-fitness-central-khonkaen-campus%E0%B8%AA%E0%B8%B2%E0%B8%82%E0%B8%B2%E0%B9%81%E0%B8%A3%E0%B8%81%E0%B9%83%E0%B8%99%E0%B8%82/1480222370220504/,ขอนแก่น…ถึงเวลายกระดับความฟิตแล้ว! Jetts Fitness Central Khonkaen Campus สาขาแรกในขอนแก่น พร้อมเปิดประสบการณ์ฟิตเนส 24 ชั่วโมงเต็มรูปแบบ ✨...,www.facebook.com
2026-05-14,Unknown,title 📣 ชาวอุดรธานีเตรียมตัว! Jetts Fitness บุกถึงที่แล้วกับสาขา ...,https://www.instagram.com/p/DWxc1m9j0wJ/,"79 likes, 2 comments - jettsfitnessthailand on April 5, 2026: "" ชาวอุดรธานีเตรียมตัว! Jetts Fitness บุกถึงที่แล้วกับสาขาใหม่ PLUS UDON สิ้นสุดการรอคอย!",www.instagram.com
2026-05-14,Unknown,💪🏻 Jetts Fitness 24 Hours 💪🏻 ❗️❗️พิเศษ 888 สำหรับสมัคร ...,https://www.facebook.com/groups/864528398176914/posts/1543119233651157/,Jetts Fitness 24 Hours ❗️❗️พิเศษ 888 สำหรับสมัครสมาชิกออนไลน์ ❗️❗️ ฉลองตรุษจีน เพียงเลือกสาขา นวมินทร์ซิตี้ อเวนิว เปิด 24 ชั่วโมง...,www.facebook.com
2026-05-14,Unknown,ชาวหาดใหญ่ เตรียมปลุกพลังความฟิต 24 ชั่วโมง ⏳🔥 Jetts ...,https://www.facebook.com/JettsThailand/posts/%E0%B8%8A%E0%B8%B2%E0%B8%A7%E0%B8%AB%E0%B8%B2%E0%B8%94%E0%B9%83%E0%B8%AB%E0%B8%8D%E0%B9%88-%E0%B9%80%E0%B8%95%E0%B8%A3%E0%B8%B5%E0%B8%A2%E0%B8%A1%E0%B8%9B%E0%B8%A5%E0%B8%B8%E0%B8%81%E0%B8%9E%E0%B8%A5%E0%B8%B1%E0%B8%87%E0%B8%84%E0%B8%A7%E0%B8%B2%E0%B8%A1%E0%B8%9F%E0%B8%B4%E0%B8%95-24-%E0%B8%8A%E0%B8%B1%E0%B9%88%E0%B8%A7%E0%B9%82%E0%B8%A1%E0%B8%87-jetts-fitness-hatyai-village-%E0%B9%80%E0%B8%95%E0%B8%A3%E0%B8%B5%E0%B8%A2%E0%B8%A1%E0%B8%9E/1393977888844953/,ชาวหาดใหญ่ เตรียมปลุกพลังความฟิต 24 ชั่วโมง ⏳ Jetts Fitness Hatyai Village เตรียมพบ สาขาแรกของหาดใหญ่ เตรียมพบ ราคาพิเศษสุดคุ้ม เตรียมพบ...,www.facebook.com
2026-05-14,Unknown,จุดเช็กอินความฟิตใหม่ของชลบุรี 📍 Jetts Fitness Index Living ...,https://www.facebook.com/JettsThailand/posts/%E0%B8%88%E0%B8%B8%E0%B8%94%E0%B9%80%E0%B8%8A%E0%B9%87%E0%B8%81%E0%B8%AD%E0%B8%B4%E0%B8%99%E0%B8%84%E0%B8%A7%E0%B8%B2%E0%B8%A1%E0%B8%9F%E0%B8%B4%E0%B8%95%E0%B9%83%E0%B8%AB%E0%B8%A1%E0%B9%88%E0%B8%82%E0%B8%AD%E0%B8%87%E0%B8%8A%E0%B8%A5%E0%B8%9A%E0%B8%B8%E0%B8%A3%E0%B8%B5-jetts-fitness-index-living-mall-chonburi-%EF%B8%8F%EF%B8%8F%E0%B9%84%E0%B8%A1%E0%B9%88%E0%B8%A7%E0%B9%88%E0%B8%B2/1401131454796263/,... Jetts Fitness ได้ตลอด 24 ชั่วโมง ⏰ ครบทุกโซนออกกำลังกายและคาร์ดิโอ ‍♀️ ‍♂️ รวมถึงคลาสออกกำลังกายลิขสิทธิ์ระดับโลก ‍♂️ และโซนฝึกซ้อม HYROX ...,www.facebook.com
2026-05-14,Unknown,ชาวอุดรธานีเตรียมตัว! Jetts Fitness บุกถึงที่แล้วกับสาขา ...,https://www.facebook.com/JettsThailand/posts/-%E0%B8%8A%E0%B8%B2%E0%B8%A7%E0%B8%AD%E0%B8%B8%E0%B8%94%E0%B8%A3%E0%B8%98%E0%B8%B2%E0%B8%99%E0%B8%B5%E0%B9%80%E0%B8%95%E0%B8%A3%E0%B8%B5%E0%B8%A2%E0%B8%A1%E0%B8%95%E0%B8%B1%E0%B8%A7-jetts-fitness-%E0%B8%9A%E0%B8%B8%E0%B8%81%E0%B8%96%E0%B8%B6%E0%B8%87%E0%B8%97%E0%B8%B5%E0%B9%88%E0%B9%81%E0%B8%A5%E0%B9%89%E0%B8%A7%E0%B8%81%E0%B8%B1%E0%B8%9A%E0%B8%AA%E0%B8%B2%E0%B8%82%E0%B8%B2%E0%B9%83%E0%B8%AB%E0%B8%A1%E0%B9%88-plus-udon-%E0%B8%AA%E0%B8%B4%E0%B9%89%E0%B8%99%E0%B8%AA%E0%B8%B8%E0%B8%94%E0%B8%81%E0%B8%B2/1464088108500597/,ชาวอุดรธานีเตรียมตัว! Jetts Fitness บุกถึงที่แล้วกับสาขาใหม่ PLUS UDON สิ้นสุดการรอคอย! เตรียมพบกับความฟิตตลอด 24 ชั่วโมงที่ Jetts Fitness Plus Udon...,www.facebook.com
2026-05-14,Unknown,Khon - มาจริงไม่จกตา! Jetts Fitness ปักหมุดความฟิต ...,https://www.facebook.com/photo.php?fbid=1526602995757205&set=a.263583125392538&id=100052225584213,มาจริงไม่จกตา! Jetts Fitness ปักหมุดความฟิตแห่งใหม่ที่ Central Khon Kaen Campus ✨ . สายออกกำลังกายเตรียมตัวให้พร้อม เพราะขอนแก่นกำลังจะมี Jetts Fitness...,www.facebook.com
2026-05-14,Unknown,แลนด์มาร์คใหม่ของคนรักสุขภาพ! ✈️ พบกับ Jetts Fitness @ Rest ...,https://www.facebook.com/JettsThailand/videos/%E0%B9%82%E0%B8%9B%E0%B8%A3%E0%B9%82%E0%B8%A1%E0%B8%8A%E0%B8%B1%E0%B8%99%E0%B8%95%E0%B9%89%E0%B8%AD%E0%B8%99%E0%B8%A3%E0%B8%B1%E0%B8%9A%E0%B8%AA%E0%B8%B2%E0%B8%82%E0%B8%B2%E0%B9%83%E0%B8%AB%E0%B8%A1%E0%B9%88/1312983224264302/,ลงทะเบียนความสนใจที่ https://tinyurl. com/RestParkPS restparksuvarnabhumi@jetts.co.th 083-689-9696 สมาชิก Jetts Fitness สมัครครั้งเดียวสิทธิประโยชน์เพียบ!,www.facebook.com
2026-05-14,Unknown,ขอนแก่น…ถึงเวลายกระดับความฟิตแล้ว! 🔥 Jetts Fitness Central ...,https://www.facebook.com/JettsThailand/posts/%E0%B8%82%E0%B8%AD%E0%B8%99%E0%B9%81%E0%B8%81%E0%B9%88%E0%B8%99%E0%B8%96%E0%B8%B6%E0%B8%87%E0%B9%80%E0%B8%A7%E0%B8%A5%E0%B8%B2%E0%B8%A2%E0%B8%81%E0%B8%A3%E0%B8%B0%E0%B8%94%E0%B8%B1%E0%B8%9A%E0%B8%84%E0%B8%A7%E0%B8%B2%E0%B8%A1%E0%B8%9F%E0%B8%B4%E0%B8%95%E0%B9%81%E0%B8%A5%E0%B9%89%E0%B8%A7-jetts-fitness-central-khonkaen-campus%E0%B8%AA%E0%B8%B2%E0%B8%82%E0%B8%B2%E0%B9%81%E0%B8%A3%E0%B8%81%E0%B9%83%E0%B8%99%E0%B8%82/1438140504428691/,ขอนแก่น…ถึงเวลายกระดับความฟิตแล้ว! Jetts Fitness Central Khonkaen Campus สาขาแรกในขอนแก่น พร้อมเปิดประสบการณ์ฟิตเนส 24 ชั่วโมงเต็มรูปแบบ ✨...,www.facebook.com
2026-05-14,13 ก.พ. 2026,SPECIAL CLASS จาก Jetts Fitness #ประมวลภาพกิจกรรม เสริมพลัง ...,https://www.facebook.com/Centralkrabi/posts/-special-class-%E0%B8%88%E0%B8%B2%E0%B8%81-jetts-fitness-%E0%B8%9B%E0%B8%A3%E0%B8%B0%E0%B8%A1%E0%B8%A7%E0%B8%A5%E0%B8%A0%E0%B8%B2%E0%B8%9E%E0%B8%81%E0%B8%B4%E0%B8%88%E0%B8%81%E0%B8%A3%E0%B8%A3%E0%B8%A1-%E0%B9%80%E0%B8%AA%E0%B8%A3%E0%B8%B4%E0%B8%A1%E0%B8%9E%E0%B8%A5%E0%B8%B1%E0%B8%87-%E0%B9%80%E0%B8%AA%E0%B8%A3%E0%B8%B4%E0%B8%A1%E0%B8%84%E0%B8%A7%E0%B8%B2%E0%B8%A1%E0%B9%80%E0%B8%AE%E0%B8%87-%E0%B8%95%E0%B9%89%E0%B8%AD%E0%B8%99%E0%B8%A3%E0%B8%B1%E0%B8%9A/859455333716457/,SPECIAL CLASS จาก Jetts Fitness #ประมวลภาพกิจกรรม เสริมพลัง เสริมความเฮง ต้อนรับปีม้าแบบแข็งแรงทั้งกายใจ 13 ก.พ. 2569 เวลา 17.00 - 19.00 น....,www.facebook.com
2026-05-14,Unknown,"Jetts Fitness is coming soon !! at Lotus""s Plus UDON. ชาว ...",https://www.facebook.com/insideudon/photos/jetts-fitness-is-coming-soon-at-lotuss-plus-udon-%E0%B8%8A%E0%B8%B2%E0%B8%A7%E0%B8%AD%E0%B8%B8%E0%B8%94%E0%B8%A3%E0%B9%81%E0%B8%A5%E0%B8%B0%E0%B9%83%E0%B8%81%E0%B8%A5%E0%B9%89%E0%B9%80%E0%B8%84%E0%B8%B5%E0%B8%A2%E0%B8%87-%E0%B9%80%E0%B8%95%E0%B8%A3%E0%B8%B5%E0%B8%A2%E0%B8%A1%E0%B8%9E%E0%B8%9A%E0%B8%81%E0%B8%B1%E0%B8%9A/1238949921786084/,"Jetts Fitness is coming soon !! at Lotus""s Plus UDON. ชาวอุดรและใกล้เคียง เตรียมพบกับ เจ็ทส์ ฟิตเนส ณ โลตัส พลัส อุดร เร็วๆ นี้ #insideudon...",www.facebook.com
2026-05-14,Unknown,มาจริงไม่จกตา! Jetts Fitness ปักหมุดความฟิตแห่งใหม่ที่ Central ...,https://www.instagram.com/p/DVgNNJ2DExV/,สายออกกำลังกายเตรียมตัวให้พร้อม เพราะขอนแก่นกำลังจะมี Jetts Fitness ฟิตเนสเปิด 24 ชั่วโมง แห่งแรกของจังหวัด เปิดให้ฟิตได้ทุกเวลา ไม่ว่าจะเช้า สาย เย็น หรือดึกก็แวะมาเบิร์นกันได้แบบไม่มีข้อจำกัด .,www.instagram.com
2026-05-14,Unknown,Central Suratthani,https://www.facebook.com/CentralSuratThani/posts/%E0%B9%81%E0%B8%99%E0%B8%B0%E0%B8%99%E0%B8%B3-highlighted-club-%E0%B8%88%E0%B8%B2%E0%B8%81-jetts-fitness-jetts-fitness-central-surat-thanithe-fi/1540940358077179/,แนะนำ Highlighted Club จาก Jetts Fitness ✨ Jetts Fitness Central Surat Thani The Fitness Hub of Surat Thani ศูนย์กลางความฟิตของชาวสุราษฎร์ธานี ครบ...,www.facebook.com
2026-05-14,16 ม.ค. 2026,Jetts 24 Hour Fitness ลงนามบันทึกข้อตกลงความร่วมมือทาง ...,https://www.jetts.co.th/jetts-24-hour-fitness-%E0%B8%A5%E0%B8%87%E0%B8%99%E0%B8%B2%E0%B8%A1%E0%B8%9A%E0%B8%B1%E0%B8%99%E0%B8%97%E0%B8%B6%E0%B8%81%E0%B8%82%E0%B9%89%E0%B8%AD%E0%B8%95%E0%B8%81%E0%B8%A5%E0%B8%87%E0%B8%84/,Popular Tags. Central Nakhon Sawan Corporate Social Responsibility CSR Gym at Nakhon Sawan Jetts Fitness X Garfield การ์ตูน Garfield ท่าออกกำลังกาย ท่าออกกำลังกายลดพุง ...,www.jetts.co.th
2026-05-14,Unknown,SUMMER SALE ที่ @jettsfitnessthailand จัดหนักต้อนรับหน้าร้อน ...,https://www.instagram.com/reel/DXgTZitDxb4/,... Jetts Fitness! ✨ ใครไปออกกำลังกายที่ Jetts 24 Hour Fitness ช่วงนี้ แล้วเจอความสดใสของคุณแพทริเซียแวะมาบอกกันบ้างนะ! ตอนนี้ NOLÁ บุกไปดูแลสุขภาพทุกคนถึง ...,www.instagram.com
2026-05-14,Unknown,ช่วยเลือกทีค่ะระหว่าง Jetts Fitness กับ Real Gym อันไหนบิว ...,https://www.facebook.com/bewberryz/posts/%E0%B8%8A%E0%B9%88%E0%B8%A7%E0%B8%A2%E0%B9%80%E0%B8%A5%E0%B8%B7%E0%B8%AD%E0%B8%81%E0%B8%97%E0%B8%B5%E0%B8%84%E0%B9%88%E0%B8%B0%E0%B8%A3%E0%B8%B0%E0%B8%AB%E0%B8%A7%E0%B9%88%E0%B8%B2%E0%B8%87-jetts-fitness-%E0%B8%81%E0%B8%B1%E0%B8%9A-real-gym-%E0%B8%AD%E0%B8%B1%E0%B8%99%E0%B9%84%E0%B8%AB%E0%B8%99%E0%B8%9A%E0%B8%B4%E0%B8%A7%E0%B8%96%E0%B8%B6%E0%B8%87%E0%B8%88%E0%B8%B0%E0%B9%84%E0%B8%9B%E0%B9%83%E0%B8%8A%E0%B9%89%E0%B8%9A%E0%B8%A3%E0%B8%B4%E0%B8%81%E0%B8%B2%E0%B8%A3%E0%B9%80%E0%B8%81%E0%B8%B4%E0%B8%992%E0%B8%A7/10241457518879739/,ช่วยเลือกทีค่ะระหว่าง Jetts Fitness กับ Real Gym อันไหนบิวถึงจะไปใช้บริการเกิน2วัน.,www.facebook.com
2026-05-14,Unknown,มาจริงไม่จกตา! Jetts Fitness ปักหมุดความฟิตแห่งใหม่ที่ Central ...,https://www.facebook.com/KhonKaenLetsGo/posts/%E0%B8%A1%E0%B8%B2%E0%B8%88%E0%B8%A3%E0%B8%B4%E0%B8%87%E0%B9%84%E0%B8%A1%E0%B9%88%E0%B8%88%E0%B8%81%E0%B8%95%E0%B8%B2-jetts-fitness-%E0%B8%9B%E0%B8%B1%E0%B8%81%E0%B8%AB%E0%B8%A1%E0%B8%B8%E0%B8%94%E0%B8%84%E0%B8%A7%E0%B8%B2%E0%B8%A1%E0%B8%9F%E0%B8%B4%E0%B8%95%E0%B9%81%E0%B8%AB%E0%B9%88%E0%B8%87%E0%B9%83%E0%B8%AB%E0%B8%A1%E0%B9%88%E0%B8%97%E0%B8%B5%E0%B9%88-central-khon-kaen-campus-%E0%B8%AA/1526603019090536/,มาจริงไม่จกตา! Jetts Fitness ปักหมุดความฟิตแห่งใหม่ที่ Central Khon Kaen Campus ✨ . สายออกกำลังกายเตรียมตัวให้พร้อม เพราะขอนแก่นกำลังจะมี Jetts Fitness...,www.facebook.com
2026-05-14,Unknown,Songkran Special Class. Splash the Fit ที่ Jetts Fitness ☀️ ...,https://www.instagram.com/p/DW01HtXjJrA/,... Jetts Fitness แค่นี้ก็รับไปเลย ซองกันน้ำคอลเลกชันพิเศษจาก Jetts Fitness ✨ มาเข้าคลาส ฟิตพร้อมเปียกกันเยอะ ๆ น้า! 🏋️‍♂️ #jettsfitness #jettsthailand ...,www.instagram.com
2026-05-14,Unknown,”โค้ชกิ๊ฟ & กัปตันหน่อง“ นำทีมน้องๆ โลมาสีชมพูเข้าสวัสดีปีใหม่ @ ...,https://www.instagram.com/p/DUAn3rwj3Qc/,99 likes. jettsfitnessthailand. เฉลยแล้ว! Jetts Fitness คลับใหม่ 🏋️‍♂️ เตรียมบุกโครงการใหม่ Rest Park Suvarnabhumi ...,www.instagram.com
2026-05-14,Unknown,Jetts Fitness เตรียมบุกคลับใหม่ทั่วไทย 🔥🇹🇭 🤔 คราวนี้จะเป็น ...,https://www.facebook.com/JettsThailand/posts/jetts-fitness-%E0%B9%80%E0%B8%95%E0%B8%A3%E0%B8%B5%E0%B8%A2%E0%B8%A1%E0%B8%9A%E0%B8%B8%E0%B8%81%E0%B8%84%E0%B8%A5%E0%B8%B1%E0%B8%9A%E0%B9%83%E0%B8%AB%E0%B8%A1%E0%B9%88%E0%B8%97%E0%B8%B1%E0%B9%88%E0%B8%A7%E0%B9%84%E0%B8%97%E0%B8%A2-%E0%B8%84%E0%B8%A3%E0%B8%B2%E0%B8%A7%E0%B8%99%E0%B8%B5%E0%B9%89%E0%B8%88%E0%B8%B0%E0%B9%80%E0%B8%9B%E0%B9%87%E0%B8%99%E0%B8%88%E0%B8%B1%E0%B8%87%E0%B8%AB%E0%B8%A7%E0%B8%B1%E0%B8%94%E0%B9%84%E0%B8%AB%E0%B8%99-%E0%B8%A5%E0%B8%AD%E0%B8%87%E0%B8%97%E0%B8%B2%E0%B8%A2%E0%B8%81%E0%B8%B1%E0%B8%99%E0%B9%80%E0%B8%82%E0%B9%89%E0%B8%B2%E0%B8%A1%E0%B8%B2%E0%B9%84%E0%B8%94/1438507051058703/,Jetts Fitness เตรียมบุกคลับใหม่ทั่วไทย คราวนี้จะเป็นจังหวัดไหน ลองทายกันเข้ามาได้เลย #jettsfitness #jettsthailand #no1gyminthailand.,www.facebook.com
2026-05-14,Unknown,เต้นให้สะบัด เบิร์นให้สุดพลัง🔥 ใน ZUMBA Special Class 🎉 📅 ...,https://www.instagram.com/p/DUpuy9oDUTW/,"Follow. Photo by Jetts Fitness Thailand on February 12, 2026. May be an ...",www.instagram.com
2026-05-14,Unknown,🎉 ฉลองเปิดสาขาใหม่! 📍 Jetts Fitness Index Living Mall ...,https://www.facebook.com/JettsThailand/posts/-%E0%B8%89%E0%B8%A5%E0%B8%AD%E0%B8%87%E0%B9%80%E0%B8%9B%E0%B8%B4%E0%B8%94%E0%B8%AA%E0%B8%B2%E0%B8%82%E0%B8%B2%E0%B9%83%E0%B8%AB%E0%B8%A1%E0%B9%88-jetts-fitness-index-living-mall-chonburi-%E0%B8%AA%E0%B8%A1%E0%B8%B1%E0%B8%84%E0%B8%A3%E0%B8%AA%E0%B8%A1%E0%B8%B2%E0%B8%8A%E0%B8%B4%E0%B8%81%E0%B9%83%E0%B8%AB%E0%B8%A1%E0%B9%88-%E0%B8%A3%E0%B8%B0%E0%B8%AB%E0%B8%A7%E0%B9%88/1397939998448742/,ฉลองเปิดสาขาใหม่! Jetts Fitness Index Living Mall Chonburi สมัครสมาชิกใหม่ ระหว่างวันที่ 15 – 19 มกราคม 2569 รับทันที! ✨ Gift Set จาก Chabaa...,www.facebook.com
2026-05-14,Unknown,สุขสันต์วันสงกรานต์จาก Jetts Fitness สงกรานต์ปีนี้ Jetts Fitness ขอ ...,https://www.facebook.com/JettsThailand/videos/%E0%B8%AA%E0%B8%B8%E0%B8%82%E0%B8%AA%E0%B8%B1%E0%B8%99%E0%B8%95%E0%B9%8C%E0%B8%A7%E0%B8%B1%E0%B8%99%E0%B8%AA%E0%B8%87%E0%B8%81%E0%B8%A3%E0%B8%B2%E0%B8%99%E0%B8%95%E0%B9%8C%E0%B8%88%E0%B8%B2%E0%B8%81-jetts-fitness-%E0%B8%AA%E0%B8%87%E0%B8%81%E0%B8%A3%E0%B8%B2%E0%B8%99%E0%B8%95%E0%B9%8C%E0%B8%9B%E0%B8%B5%E0%B8%99%E0%B8%B5%E0%B9%89-jetts-fitness-%E0%B8%82%E0%B8%AD%E0%B9%80%E0%B8%9B%E0%B9%87%E0%B8%99%E0%B8%AA%E0%B9%88%E0%B8%A7%E0%B8%99%E0%B8%AB%E0%B8%99%E0%B8%B6%E0%B9%88%E0%B8%87/1267179881632283/,สุขสันต์วันสงกรานต์จาก Jetts Fitness สงกรานต์ปีนี้ Jetts Fitness ขอเป็นส่วนหนึ่งในการส่งต่อความสุข ความสนุก และสุขภาพที่ดีให้กับชาวเจ็ทส์ทุกคน!...,www.facebook.com
2026-05-14,Unknown,Happy Songkran Days at Jetts Fitness HQ.,https://www.instagram.com/p/DW8MjnTF2En/,"4 likes, 0 comments - b_panida on April 9, 2026: ""Happy Songkran Days at Jetts Fitness HQ."".",www.instagram.com
2026-05-14,22 มี.ค. 2026,Milli Move Like a Heavyweight 2026,https://www.jetts.co.th/milli-move-like-a-heavyweight-2026/,5. การเปลี่ยนแปลงที่อยู่จัดส่ง หากต้องการเปลี่ยนแปลงที่อยู่จัดส่ง กรุณาแจ้งความประสงค์ผ่านทาง Facebook Fanpage: Jetts Fitness Thailand 6. ขอสงวนสิทธิ์ในการ ...,www.jetts.co.th
2026-05-14,Unknown,ฟิตรับเช้าวันเสาร์กับ Jetts Fitness x สถานทูตออสเตรเลีย! 🇦🇺💪 ...,https://www.facebook.com/JettsThailand/posts/%E0%B8%9F%E0%B8%B4%E0%B8%95%E0%B8%A3%E0%B8%B1%E0%B8%9A%E0%B9%80%E0%B8%8A%E0%B9%89%E0%B8%B2%E0%B8%A7%E0%B8%B1%E0%B8%99%E0%B9%80%E0%B8%AA%E0%B8%B2%E0%B8%A3%E0%B9%8C%E0%B8%81%E0%B8%B1%E0%B8%9A-jetts-fitness-x-%E0%B8%AA%E0%B8%96%E0%B8%B2%E0%B8%99%E0%B8%97%E0%B8%B9%E0%B8%95%E0%B8%AD%E0%B8%AD%E0%B8%AA%E0%B9%80%E0%B8%95%E0%B8%A3%E0%B9%80%E0%B8%A5%E0%B8%B5%E0%B8%A2-%E0%B9%80%E0%B8%95%E0%B8%A3%E0%B8%B5%E0%B8%A2%E0%B8%A1%E0%B8%8A%E0%B8%B8%E0%B8%94%E0%B8%AD%E0%B8%AD%E0%B8%81%E0%B8%81%E0%B8%B3%E0%B8%A5%E0%B8%B1%E0%B8%87%E0%B8%81%E0%B8%B2%E0%B8%A2%E0%B9%83%E0%B8%AB%E0%B9%89%E0%B8%9E/1488990572677017/,ฟิตรับเช้าวันเสาร์กับ Jetts Fitness x สถานทูตออสเตรเลีย! เตรียมชุดออกกำลังกายให้พร้อม แล้วมาเจอกันที่ สวนป่าเบญจกิติ กับงาน Fit 'n Fun Morning...,www.facebook.com
2026-05-14,Unknown,ร่วมส่งเสียงเชียร์ และกำลังใจให้ MILLI 🎤🔥 ในรอบไฟนอลรายการ ...,https://www.facebook.com/JettsThailand/posts/%E0%B8%A3%E0%B9%88%E0%B8%A7%E0%B8%A1%E0%B8%AA%E0%B9%88%E0%B8%87%E0%B9%80%E0%B8%AA%E0%B8%B5%E0%B8%A2%E0%B8%87%E0%B9%80%E0%B8%8A%E0%B8%B5%E0%B8%A2%E0%B8%A3%E0%B9%8C-%E0%B9%81%E0%B8%A5%E0%B8%B0%E0%B8%81%E0%B8%B3%E0%B8%A5%E0%B8%B1%E0%B8%87%E0%B9%83%E0%B8%88%E0%B9%83%E0%B8%AB%E0%B9%89-milli-%E0%B9%83%E0%B8%99%E0%B8%A3%E0%B8%AD%E0%B8%9A%E0%B9%84%E0%B8%9F%E0%B8%99%E0%B8%AD%E0%B8%A5%E0%B8%A3%E0%B8%B2%E0%B8%A2%E0%B8%81%E0%B8%B2%E0%B8%A3-show-me-the-money-12-%E0%B8%A7%E0%B8%B1%E0%B8%99/1460900758819332/,... Jetts Fitness ชวนชาวเจ็ทส์มารวมพลัง #เชียร์นวยสุดใจคนไทยไม่ทิ้งกัน ไปด้วยกัน! ✨ รายการ Show Me The Money 12 ดูสดพร้อมกัน ทุกวันพฤหัสบดี เวลา ...,www.facebook.com
2026-05-14,Unknown,No motivation? Show up anyway. No time? Make time ...,https://www.instagram.com/reel/DWyjZVNgSUk/,jettsfitnessthailand. ชาวภูเก็ต พร้อมฟิตแบบไม่ต้องพัก! 🏝️ กับ Jetts Fitness Robinson Lifestyle Chalong จัดเต็มความฟิต 24 ชั่วโมง จะสายไหนก็เอาอยู่:,www.instagram.com
2026-05-14,14 ก.พ. 2026,Jetts Lucky Truck Corporate,https://www.jetts.co.th/jetts-lucky-truck-corporate/,"Jetts 24 Hour Fitness Jetts Fitness. Freedom; พิเศษเดือนแรก 999 บาท; เดือนถัดไป 1,550 บาท/ต่อเดือน; เข้าใช้คลับและคลาสได้ไม่จำกัด; เป็นสมาชิกขั้นต่ำ 3 เดือน",www.jetts.co.th
2026-05-14,Unknown,เสริมความแข็งแกร่งที่ Jetts Fitness เตรียมร่างกายให้พร้อมสำหรับ ...,https://www.facebook.com/truebangkokunited/posts/%E0%B9%80%E0%B8%AA%E0%B8%A3%E0%B8%B4%E0%B8%A1%E0%B8%84%E0%B8%A7%E0%B8%B2%E0%B8%A1%E0%B9%81%E0%B8%82%E0%B9%87%E0%B8%87%E0%B9%81%E0%B8%81%E0%B8%A3%E0%B9%88%E0%B8%87%E0%B8%97%E0%B8%B5%E0%B9%88-jetts-fitness-%E0%B9%80%E0%B8%95%E0%B8%A3%E0%B8%B5%E0%B8%A2%E0%B8%A1%E0%B8%A3%E0%B9%88%E0%B8%B2%E0%B8%87%E0%B8%81%E0%B8%B2%E0%B8%A2%E0%B9%83%E0%B8%AB%E0%B9%89%E0%B8%9E%E0%B8%A3%E0%B9%89%E0%B8%AD%E0%B8%A1%E0%B8%AA%E0%B8%B3%E0%B8%AB%E0%B8%A3%E0%B8%B1%E0%B8%9A%E0%B8%97%E0%B8%B8%E0%B8%81%E0%B8%84%E0%B8%A7%E0%B8%B2%E0%B8%A1%E0%B8%97%E0%B9%89%E0%B8%B2%E0%B8%97%E0%B8%B2%E0%B8%A2-bui/1469326217895941/,"เสริมความแข็งแกร่งที่ Jetts Fitness เตรียมร่างกายให้พร้อมสำหรับทุกความท้าทาย Building strength at Jetts Fitness, preparing the body for every...",www.facebook.com
2026-05-14,26 มี.ค. 2026,Jetts ผสานฟิตเนสและป๊อปคัลเจอร์ รวมพลังดนตรีและการออกกำลัง ...,https://www.jetts.co.th/jetts-%E0%B8%9C%E0%B8%AA%E0%B8%B2%E0%B8%99%E0%B8%9F%E0%B8%B4%E0%B8%95%E0%B9%80%E0%B8%99%E0%B8%AA%E0%B9%81%E0%B8%A5%E0%B8%B0%E0%B8%9B%E0%B9%8A%E0%B8%AD%E0%B8%9B%E0%B8%84%E0%B8%B1%E0%B8%A5%E0%B9%80/,กรุงเทพฯ – Jetts Fitness แบรนด์ฟิตเนส 24 ชั่วโมงชั้นนำ ยกระดับประสบการณ์การออกกำลังกายให้กลายเป็นไลฟ์สไตล์อีเวนต์สุดเอเนอร์จี้ในงาน “JETTS x MILLI: Move Like a HEAVYWEIGHT” ...,www.jetts.co.th
2026-05-14,Unknown,MILLI X JETTS FITNESS พาเบิร์นให้ยับระดับ HEAVYWEIGHT กับ ...,https://www.instagram.com/reel/DVs4IZYkRqN/,"fabmagazineth on March 10, 2026: ""MILLI X JETTS FITNESS พาเบิร์นให้ยับระดับ HEAVYWEIGHT กับงาน MOVE LIKE A HEAVYWEIGHT 2026 วอร์มร่างกายให้เตรียมพร้อมรับแรงกระแทก!",www.instagram.com
2026-05-14,Unknown,อยากฟิตแบบสนุก ๆ ต้องไม่พลาด 💃 Jetts Fitness ชวนมาเต้น ...,https://www.facebook.com/JettsThailand/posts/%E0%B8%AD%E0%B8%A2%E0%B8%B2%E0%B8%81%E0%B8%9F%E0%B8%B4%E0%B8%95%E0%B9%81%E0%B8%9A%E0%B8%9A%E0%B8%AA%E0%B8%99%E0%B8%B8%E0%B8%81-%E0%B9%86-%E0%B8%95%E0%B9%89%E0%B8%AD%E0%B8%87%E0%B9%84%E0%B8%A1%E0%B9%88%E0%B8%9E%E0%B8%A5%E0%B8%B2%E0%B8%94-jetts-fitness-%E0%B8%8A%E0%B8%A7%E0%B8%99%E0%B8%A1%E0%B8%B2%E0%B9%80%E0%B8%95%E0%B9%89%E0%B8%99%E0%B9%81%E0%B8%AD%E0%B9%82%E0%B8%A3%E0%B8%9A%E0%B8%B4%E0%B8%84%E0%B8%94%E0%B9%89%E0%B8%A7%E0%B8%A2%E0%B8%81%E0%B8%B1%E0%B8%99-3-%E0%B8%9E%E0%B8%84-%E0%B8%99%E0%B8%B5%E0%B9%89-1830/1483270763248998/,อยากฟิตแบบสนุก ๆ ต้องไม่พลาด Jetts Fitness ชวนมาเต้นแอโรบิคด้วยกัน 3 พ.ค. นี้ 18.30 – 19.30 น. Sky Run ชั้น 3 | Central Westville มาเต้น มาฟิต...,www.facebook.com
2026-05-14,Unknown,จุดเช็กอินความฟิตใหม่ของชลบุรี 📍 Jetts Fitness Index Living Mall ...,https://www.facebook.com/JettsThailand/videos/%E0%B8%88%E0%B8%B8%E0%B8%94%E0%B9%80%E0%B8%8A%E0%B9%87%E0%B8%81%E0%B8%AD%E0%B8%B4%E0%B8%99%E0%B8%84%E0%B8%A7%E0%B8%B2%E0%B8%A1%E0%B8%9F%E0%B8%B4%E0%B8%95%E0%B9%83%E0%B8%AB%E0%B8%A1%E0%B9%88%E0%B8%82%E0%B8%AD%E0%B8%87%E0%B8%8A%E0%B8%A5%E0%B8%9A%E0%B8%B8%E0%B8%A3%E0%B8%B5-jetts-fitness-index-living-mall-chonburi-%EF%B8%8F%EF%B8%8F%E0%B9%84%E0%B8%A1%E0%B9%88%E0%B8%A7%E0%B9%88%E0%B8%B2/878688724774734/,จุดเช็กอินความฟิตใหม่ของชลบุรี Jetts Fitness Index Living Mall Chonburi 🏋️‍♂️✨ ไม่ว่าจะไลฟ์สไตล์แบบไหน จะออกกำลังกายเช้า กลางวัน ☀️ กลางคืน หรืออยู่ยาวๆ ยันดึก ก็มาสุขภาพดีที่ ...,www.facebook.com
2026-05-14,Unknown,Hoy Toca Fiesta Zumba en Jetts Fitness,https://www.tiktok.com/@coachbbeww/video/7630883270208539925,"1237 ถูกใจ,วิดีโอ TikTok จาก ซุมบ้าฟิตเนสกะบีบิว (@coachbbeww): ""¡Únete a la fiesta Zumba en Jetts Fitness! Movimiento, diversión y energía garantizada.",www.tiktok.com
2026-05-14,Unknown,โค้งสุดท้ายของความฟิต! กับโปรสุดฟินจาก Jetts Fitness x Major ...,https://www.instagram.com/reel/DWK4dFXlP0a/,โค้งสุดท้าย สำหรับความฟิตสุดปัง กับคอหนัง ใครมาดูหนังที่ Major Cineplex แล้วยังไม่ได้ใช้ส่วนลดกับทาง Jetts Fitness อย่าลืมมาแลกกันนะครับ ถึงวันที่ 31 มีนาคมนี้เท่านั้น ไม่ว่าจะเป็นตั๋วกระดาษ ...,www.instagram.com
2026-05-14,Unknown,NOLÁ จัดเต็มที่ Jetts Fitness! 🌱💪,https://www.tiktok.com/@nola_superfoods/video/7604792020363758866,"วิดีโอ TikTok จาก NOLA Superfoods (@nola_superfoods): ""NOLÁ พร้อมเสิร์ฟโปรตีนพืชผ่าน Kiosk ที่ Jetts Fitness ทั่วกรุงเทพฯ ซื้อได้ง่าย ไม่ต้องเป็นสมาชิก! #NOLAxJetts #โปรตีนพืช""",www.tiktok.com
2026-05-14,Unknown,Body pump เกือบบบจะวูบ🫀🦾@NOLA Superfoods @Jetts ...,https://www.tiktok.com/@itsbbabymaple/video/7616991247374224661,"35 ถูกใจ,วิดีโอ TikTok จาก itsbbabymaple (@itsbbabymaple): ""Body pump เกือบบบจะวูบ @NOLA Superfoods @Jetts Fitness Thailand""Gemini - So Lis.",www.tiktok.com
2026-05-14,Unknown,New Friend from China Joins Zumba Class at Jetts Fitness,https://www.tiktok.com/@coachbbeww/video/7624826327354363156,"445 ถูกใจ,วิดีโอ TikTok จาก ซุมบ้าฟิตเนสกะบีบิว (@coachbbeww): ""Meet a new friend from China who joined a Zumba class at Jetts Fitness. Watch the fun and energetic ...",www.tiktok.com
2026-05-14,21 ก.พ. 2026,กติกาการเข้าร่วมทดสอบความฟิต test your limit - hyrox pft,https://www.jetts.co.th/hyrox-pft/,ที่ Jetts Fitness Central Westville. วันที่ 21 กุมภาพันธ์ พ.ศ. 2569. ซื้อตั๋วที่นี่. กติกาการเข้าร่วมทดสอบความฟิต TEST YOUR LIMIT - HYROX PFT. ขอสงวนสิทธิ์ในการ ...,www.jetts.co.th
2026-05-14,Unknown,สุดปัง! รวมโมเมนต์สุดจึ้งจากงาน JETTS x MILLI: Move Like a ...,https://www.instagram.com/reel/DWoNbxrj__X/,Jetts Fitness Workout Party! English Transcript. Jetts Fitness Workout Party! OCR. MOVE LIKE A HEAVYWEIGHT EVENT Jetts 24 hour fitness MILLI 22 MARCH 2026 ...,www.instagram.com
2026-05-14,Unknown,The stage is ON! กับ HEAVYWEIGHT Special Class 🔥 นำทีม ...,https://www.tiktok.com/@jettsthailand/video/7620004966706580757,"วิดีโอ TikTok จาก Jetts Fitness Thailand (@jettsthailand): ""The stage is ON! กับ HEAVYWEIGHT Special Class นำทีมโดย MILLI กับคลาสพิเศษเฉพาะงานนี้เท่านั้น!",www.tiktok.com
2026-05-14,Unknown,4 Exercises to Get Perfect 11-Line Abs - Jetts Fitness Thailand,https://www.tiktok.com/@jettsthailand/video/7631991559906397447,TikTok video from Jetts Fitness Thailand (@jettsthailand): “Discover 4 effective exercises to help you achieve flat and toned abs with clear 11 lines.,www.tiktok.com
2026-05-14,Unknown,That's why our slogan is Fitness Freedom. Train where it ...,https://www.instagram.com/p/DYB0iWVjPxV/,"Oh shit. OCR. Did you know... If you combine no lock-in contracts with no hidden fees, you'll get Jetts Fitness ...",www.instagram.com
2026-05-14,Unknown,New Friend from China Joins Zumba Class at Jetts Fitness,https://www.tiktok.com/@coachbbeww/video/7624826327354363156,"445 ถูกใจ,วิดีโอ TikTok จาก ซุมบ้าฟิตเนสกะบีบิว (@coachbbeww): ""Meet a new friend from China who joined a Zumba class at Jetts Fitness. Watch the fun and energetic ...",www.tiktok.com
2026-05-14,Unknown,"Winter is coming, but your progress doesn't have to stop. ...",https://www.instagram.com/reel/DXzuptBpPsw/,Bulking season is coming $6 PER WEEK FOR 6 WEEKS* Jetts Fitness Freedom *T&Cs apply. Available at participating clubs only. jettspakenham's profile picture ...,www.instagram.com
2026-05-14,Unknown,Make the Move to Jetts If you're ready to take your training ...,https://www.instagram.com/p/DXWd2ZZj3iS/,But at Jetts Fitness St Leonards we're granting you club membership for ... Photo by Jetts Fitness Freedom in Jetts Forest Lakes. May be an image of ...,www.instagram.com
2026-05-14,Unknown,That's why our slogan is Fitness Freedom. Train where it ...,https://www.instagram.com/reel/DYB0ihLDSyz/,"Oh shit. OCR. Did you know... If you combine no lock-in contracts with no hidden fees, you'll get Jetts Fitness. Jetts SYNERGY RESILIENT. inmotus.app's ...",www.instagram.com
2026-05-14,Unknown,"Jetts Nowra on Instagram: ""Meet the Team! Club Manager ...",https://www.instagram.com/reel/DW3QtA5gBgL/,Come on! OCR. Jetts Fitness Freedom $6 PER WEEK FOR 6 WEEKS* *T&Cs apply. $0 JOINING FEE. SAVE UP TO $160. YOU DEFINE ...,www.instagram.com
2026-05-14,1 มี.ค. 2026,Jetts Fitness 24hrs. Now open in “Robinson Lifestyle Chalong” ...,https://www.instagram.com/p/DVXb-WyAR-8/,"266 likes, 19 comments - new_jittramas on March 1, 2026: ""sweat now,shine later ✨ —————— Jetts Fitness 24hrs. Now open in “Robinson Lifestyle Chalong” ...",www.instagram.com
2026-05-14,Unknown,Jetts Australia,https://www.facebook.com/JettsFitness/videos/6-per-week-for-6-weeks/2534006900335608/,More videos you may like. 00: ...,www.facebook.com
2026-05-14,Unknown,Happy Mother's Day to all the special women in our lives🌸 ...,https://www.instagram.com/p/DYIka1QEtdZ/,"Photo by Jetts Fitness Freedom on May 09, 2026. May be an image of. 8 likes. jetts_northam. Happy Mother's Day to all the special women in our lives ...",www.instagram.com
2026-05-14,Unknown,Experience Real Fitness Freedom with Jetts #gym ...,https://www.instagram.com/reel/DXdAu1XAkmp/,But at Jetts Fitness St Leonards we're granting you club membership for a $1 a day for your first 28 days..but only for new joiners in April. And we've $0 ...,www.instagram.com
